Quantum 1,,,,,
Routers , LOCAL , EAST , WEST , NORTH , SOUTH 
Router 0 ,0,0,0,0,0
Router 0 ,0,0,0,0,0
Router 0 ,0,0,0,0,0
Router 0 ,0,0,0,0,0
Router 0 ,0,0,0,0,0
Router 0 ,0,0,0,0,0
Router 0 ,0,0,0,0,0
Router 0 ,0,0,0,0,0
Router 0 ,0,0,0,0,0
Router 0 ,0,0,0,0,0
Router 0 ,0,0,0,0,0
Router 0 ,0,0,0,0,0
Router 0 ,0,0,0,0,0
Router 0 ,0,0,0,0,0
Router 0 ,0,0,0,0,0
Router 0 ,0,0,0,0,0
Router 0 ,0,0,0,0,0
Router 0 ,0,0,0,0,0
Router 0 ,0,0,0,0,0
Router 19 ,0,0,0,0,0
Router 20 ,0,0,0,0,0
Router 21 ,0,0,0,0,0
Router 22 ,0,0,0,0,0
Router 23 ,0,0,0,0,0
Router 24 ,0,0,0,0,0
Quantum 2,,,,,
Routers , LOCAL , EAST , WEST , NORTH , SOUTH 
Router 0 ,0,0,0,0,0
Router 1 ,0,0,0,0,0
Router 2 ,0,0,0,0,0
Router 3 ,0,0,0,0,0
Router 4 ,0,0,0,0,0
Router 5 ,0,0,0,0,0
Router 6 ,0,0,0,0,0
Router 7 ,0,0,0,0,0
Router 8 ,0,0,0,0,0
Router 9 ,0,0,0,0,0
Router 10 ,0,0,0,0,0
Router 11 ,0,0,0,0,0
Router 12 ,0,0,0,0,0
Router 13 ,0,0,0,0,0
Router 14 ,0,0,0,0,0
Router 15 ,0,0,0,0,0
Router 16 ,0,0,0,0,0
Router 17 ,0,0,0,0,0
Router 18 ,0,0,0,0,0
Router 19 ,0,0,0,0,0
Router 20 ,0,0,0,0,0
Router 21 ,0,0,0,0,0
Router 22 ,0,0,0,0,0
Router 23 ,0,0,0,0,0
Router 24 ,0,0,0,0,0
Quantum 3,,,,,
Routers , LOCAL , EAST , WEST , NORTH , SOUTH 
Router 0 ,0,7,0,0,0
Router 1 ,0,7,0,0,0
Router 2 ,0,0,0,7,0
Router 3 ,0,0,7,0,0
Router 4 ,0,0,7,0,0
Router 5 ,0,7,0,0,0
Router 6 ,0,7,0,0,0
Router 7 ,0,0,0,7,0
Router 8 ,0,0,7,0,0
Router 9 ,0,0,7,0,0
Router 10 ,0,7,0,0,0
Router 11 ,0,7,0,0,0
Router 12 ,0,0,0,7,0
Router 13 ,0,0,7,0,0
Router 14 ,0,0,7,0,0
Router 15 ,0,7,0,0,0
Router 16 ,0,7,0,0,0
Router 17 ,0,0,0,143,0
Router 18 ,0,0,7,0,0
Router 19 ,0,0,7,0,0
Router 20 ,0,7,0,0,0
Router 21 ,0,7,0,0,0
Router 22 ,143,0,0,0,0
Router 23 ,0,0,7,0,0
Router 24 ,0,0,7,0,0
Quantum 4,,,,,
Routers , LOCAL , EAST , WEST , NORTH , SOUTH 
Router 0 ,0,0,0,0,0
Router 1 ,0,0,0,0,0
Router 2 ,0,0,0,0,0
Router 3 ,0,0,0,0,0
Router 4 ,0,0,0,0,0
Router 5 ,0,0,0,0,0
Router 6 ,0,0,0,0,0
Router 7 ,0,0,0,0,0
Router 8 ,0,0,0,0,0
Router 9 ,0,0,0,0,0
Router 10 ,0,0,0,0,0
Router 11 ,0,0,0,0,0
Router 12 ,0,0,0,7,0
Router 13 ,0,0,0,0,0
Router 14 ,0,0,0,0,0
Router 15 ,0,0,0,0,0
Router 16 ,0,0,0,0,0
Router 17 ,0,0,0,14,0
Router 18 ,0,0,0,0,0
Router 19 ,0,0,0,0,0
Router 20 ,0,0,0,0,0
Router 21 ,0,30,0,0,0
Router 22 ,37,0,0,0,0
Router 23 ,0,0,0,0,0
Router 24 ,0,0,0,0,0
Quantum 5,,,,,
Routers , LOCAL , EAST , WEST , NORTH , SOUTH 
Router 0 ,0,0,0,0,0
Router 1 ,0,0,0,0,0
Router 2 ,0,0,0,0,0
Router 3 ,0,0,0,0,0
Router 4 ,0,0,0,0,0
Router 5 ,0,0,0,0,0
Router 6 ,0,0,0,0,0
Router 7 ,0,0,0,0,0
Router 8 ,0,0,0,0,0
Router 9 ,0,0,0,0,0
Router 10 ,0,0,0,0,0
Router 11 ,0,0,0,0,0
Router 12 ,0,0,0,0,0
Router 13 ,0,0,0,0,0
Router 14 ,0,0,0,0,0
Router 15 ,0,0,0,0,0
Router 16 ,0,0,0,0,0
Router 17 ,0,0,0,0,0
Router 18 ,0,0,0,0,0
Router 19 ,0,0,0,0,0
Router 20 ,0,0,0,0,0
Router 21 ,0,106,0,0,0
Router 22 ,113,0,0,0,0
Router 23 ,0,0,0,0,0
Router 24 ,0,0,0,0,0
Quantum 6,,,,,
Routers , LOCAL , EAST , WEST , NORTH , SOUTH 
Router 0 ,0,0,0,0,0
Router 1 ,0,0,0,0,0
Router 2 ,0,0,0,0,0
Router 3 ,0,0,0,0,0
Router 4 ,0,0,0,0,0
Router 5 ,0,0,0,0,0
Router 6 ,0,0,0,0,0
Router 7 ,0,0,0,0,0
Router 8 ,0,0,0,0,0
Router 9 ,0,0,0,0,0
Router 10 ,0,0,0,0,0
Router 11 ,0,0,0,0,0
Router 12 ,0,0,0,0,0
Router 13 ,0,0,0,0,0
Router 14 ,0,0,0,0,0
Router 15 ,0,0,0,0,0
Router 16 ,0,0,0,0,0
Router 17 ,0,0,0,0,0
Router 18 ,0,0,0,0,0
Router 19 ,0,0,0,0,0
Router 20 ,0,7,0,0,0
Router 21 ,0,14,0,0,0
Router 22 ,21,0,0,0,0
Router 23 ,0,0,14,0,0
Router 24 ,0,0,0,0,0
Quantum 7,,,,,
Routers , LOCAL , EAST , WEST , NORTH , SOUTH 
Router 0 ,0,0,0,0,0
Router 1 ,0,0,0,0,0
Router 2 ,0,0,0,0,0
Router 3 ,0,0,0,0,0
Router 4 ,0,0,0,0,0
Router 5 ,0,0,0,0,0
Router 6 ,0,0,0,0,0
Router 7 ,0,0,0,0,0
Router 8 ,0,0,0,0,0
Router 9 ,0,0,0,0,0
Router 10 ,0,0,0,0,0
Router 11 ,0,0,0,0,0
Router 12 ,0,0,0,0,0
Router 13 ,0,0,0,0,0
Router 14 ,0,0,0,0,0
Router 15 ,0,0,0,0,0
Router 16 ,0,0,0,0,0
Router 17 ,0,0,0,0,0
Router 18 ,0,0,0,0,0
Router 19 ,0,0,0,0,0
Router 20 ,0,0,0,0,0
Router 21 ,0,0,0,0,0
Router 22 ,129,0,0,0,0
Router 23 ,0,0,122,0,0
Router 24 ,0,0,0,0,0
Quantum 8,,,,,
Routers , LOCAL , EAST , WEST , NORTH , SOUTH 
Router 0 ,0,0,0,0,0
Router 1 ,0,0,0,0,0
Router 2 ,0,0,0,0,0
Router 3 ,0,0,0,0,0
Router 4 ,0,0,0,0,0
Router 5 ,0,0,0,0,0
Router 6 ,0,0,0,0,0
Router 7 ,0,0,0,0,0
Router 8 ,0,0,0,0,0
Router 9 ,0,0,0,0,0
Router 10 ,0,0,0,0,0
Router 11 ,0,0,0,0,0
Router 12 ,0,0,0,12,0
Router 13 ,0,0,0,0,0
Router 14 ,0,0,0,0,0
Router 15 ,0,0,0,0,0
Router 16 ,0,0,0,0,0
Router 17 ,0,0,0,13,0
Router 18 ,0,0,0,0,0
Router 19 ,0,0,0,0,0
Router 20 ,0,0,0,0,0
Router 21 ,0,0,0,0,0
Router 22 ,20,0,0,0,0
Router 23 ,0,0,14,0,0
Router 24 ,0,0,7,0,0
Quantum 9,,,,,
Routers , LOCAL , EAST , WEST , NORTH , SOUTH 
Router 0 ,0,0,0,0,0
Router 1 ,0,0,0,0,0
Router 2 ,0,0,0,0,0
Router 3 ,0,0,0,0,0
Router 4 ,0,0,0,0,0
Router 5 ,0,0,0,0,0
Router 6 ,0,0,0,0,0
Router 7 ,0,0,0,0,0
Router 8 ,0,0,0,0,0
Router 9 ,0,0,0,0,0
Router 10 ,0,0,0,0,0
Router 11 ,0,0,0,0,0
Router 12 ,0,0,0,117,0
Router 13 ,0,0,0,0,0
Router 14 ,0,0,0,0,0
Router 15 ,0,0,0,0,0
Router 16 ,0,0,0,0,0
Router 17 ,0,0,0,123,0
Router 18 ,0,0,0,0,0
Router 19 ,0,0,0,0,0
Router 20 ,0,0,0,0,0
Router 21 ,0,0,0,0,0
Router 22 ,130,0,0,0,0
Router 23 ,0,0,0,0,0
Router 24 ,0,0,0,0,0
Quantum 10,,,,,
Routers , LOCAL , EAST , WEST , NORTH , SOUTH 
Router 0 ,0,0,0,0,0
Router 1 ,0,0,0,0,0
Router 2 ,0,0,0,0,0
Router 3 ,0,0,0,0,0
Router 4 ,0,0,0,0,0
Router 5 ,0,0,0,0,0
Router 6 ,0,0,0,0,0
Router 7 ,0,0,0,0,0
Router 8 ,0,0,0,0,0
Router 9 ,0,0,0,0,0
Router 10 ,0,0,0,0,0
Router 11 ,0,7,0,0,0
Router 12 ,0,0,0,14,0
Router 13 ,0,0,0,0,0
Router 14 ,0,0,0,0,0
Router 15 ,0,0,0,0,0
Router 16 ,0,7,0,0,0
Router 17 ,0,0,0,14,0
Router 18 ,0,0,0,0,0
Router 19 ,0,0,0,0,0
Router 20 ,0,12,0,0,0
Router 21 ,0,13,0,0,0
Router 22 ,20,0,0,0,0
Router 23 ,0,0,0,0,0
Router 24 ,0,0,0,0,0
Quantum 11,,,,,
Routers , LOCAL , EAST , WEST , NORTH , SOUTH 
Router 0 ,0,0,0,0,0
Router 1 ,0,0,0,0,0
Router 2 ,0,0,0,0,0
Router 3 ,0,0,0,0,0
Router 4 ,0,0,0,0,0
Router 5 ,0,0,0,0,0
Router 6 ,0,0,0,0,0
Router 7 ,0,0,0,0,0
Router 8 ,0,0,0,0,0
Router 9 ,0,0,0,0,0
Router 10 ,0,0,0,0,0
Router 11 ,0,0,0,0,0
Router 12 ,0,0,0,0,0
Router 13 ,0,0,0,0,0
Router 14 ,0,0,0,0,0
Router 15 ,0,0,0,0,0
Router 16 ,0,0,0,0,0
Router 17 ,0,0,0,0,0
Router 18 ,0,0,0,0,0
Router 19 ,0,0,0,0,0
Router 20 ,0,117,0,0,0
Router 21 ,0,123,0,0,0
Router 22 ,130,0,0,0,0
Router 23 ,0,0,0,0,0
Router 24 ,0,0,0,0,0
Quantum 12,,,,,
Routers , LOCAL , EAST , WEST , NORTH , SOUTH 
Router 0 ,0,0,0,0,0
Router 1 ,0,0,0,0,0
Router 2 ,0,0,0,0,0
Router 3 ,0,0,0,0,0
Router 4 ,0,0,0,0,0
Router 5 ,0,0,0,0,0
Router 6 ,0,0,0,0,0
Router 7 ,0,0,0,0,0
Router 8 ,0,0,0,0,0
Router 9 ,0,0,0,0,0
Router 10 ,0,0,0,0,0
Router 11 ,0,0,0,0,0
Router 12 ,0,0,0,0,0
Router 13 ,0,0,0,0,0
Router 14 ,0,0,0,0,0
Router 15 ,0,0,0,0,0
Router 16 ,0,0,0,0,0
Router 17 ,0,0,0,0,0
Router 18 ,0,0,0,0,0
Router 19 ,0,0,0,0,0
Router 20 ,0,14,0,0,0
Router 21 ,0,14,0,0,0
Router 22 ,19,0,0,0,0
Router 23 ,0,0,12,0,0
Router 24 ,0,0,12,0,0
Quantum 13,,,,,
Routers , LOCAL , EAST , WEST , NORTH , SOUTH 
Router 0 ,0,0,0,0,0
Router 1 ,0,0,0,0,0
Router 2 ,0,0,0,0,0
Router 3 ,0,0,0,0,0
Router 4 ,0,0,0,0,0
Router 5 ,0,0,0,0,0
Router 6 ,0,0,0,0,0
Router 7 ,0,0,0,0,0
Router 8 ,0,0,0,0,0
Router 9 ,0,0,0,0,0
Router 10 ,0,0,0,0,0
Router 11 ,0,0,0,0,0
Router 12 ,0,0,0,0,0
Router 13 ,0,0,0,0,0
Router 14 ,0,0,0,0,0
Router 15 ,0,0,0,0,0
Router 16 ,0,0,0,0,0
Router 17 ,0,0,0,0,0
Router 18 ,0,0,0,0,0
Router 19 ,0,0,0,0,0
Router 20 ,0,0,0,0,0
Router 21 ,0,0,0,0,0
Router 22 ,131,0,0,0,0
Router 23 ,0,0,124,0,0
Router 24 ,0,0,117,0,0
Quantum 14,,,,,
Routers , LOCAL , EAST , WEST , NORTH , SOUTH 
Router 0 ,0,0,0,0,0
Router 1 ,0,0,0,0,0
Router 2 ,0,0,0,0,0
Router 3 ,0,0,0,0,0
Router 4 ,0,0,0,0,0
Router 5 ,0,0,0,0,0
Router 6 ,0,0,0,0,0
Router 7 ,0,0,0,0,0
Router 8 ,0,0,0,0,0
Router 9 ,0,0,0,0,0
Router 10 ,0,0,0,0,0
Router 11 ,0,0,0,0,0
Router 12 ,0,0,0,0,0
Router 13 ,0,0,0,0,0
Router 14 ,0,0,0,0,0
Router 15 ,0,0,0,0,0
Router 16 ,0,11,0,0,0
Router 17 ,0,0,0,12,0
Router 18 ,0,0,0,0,0
Router 19 ,0,0,0,0,0
Router 20 ,0,0,0,0,0
Router 21 ,0,0,0,0,0
Router 22 ,19,0,0,0,0
Router 23 ,0,0,14,0,0
Router 24 ,0,0,14,0,0
Quantum 15,,,,,
Routers , LOCAL , EAST , WEST , NORTH , SOUTH 
Router 0 ,0,0,0,0,0
Router 1 ,0,0,0,0,0
Router 2 ,0,0,0,0,0
Router 3 ,0,0,0,0,0
Router 4 ,0,0,0,0,0
Router 5 ,0,0,0,0,0
Router 6 ,0,0,0,0,0
Router 7 ,0,0,0,0,0
Router 8 ,0,0,0,0,0
Router 9 ,0,0,0,0,0
Router 10 ,0,0,0,0,0
Router 11 ,0,0,0,0,0
Router 12 ,0,0,0,0,0
Router 13 ,0,0,0,0,0
Router 14 ,0,0,0,0,0
Router 15 ,0,0,0,0,0
Router 16 ,0,118,0,0,0
Router 17 ,0,0,0,124,0
Router 18 ,0,0,0,0,0
Router 19 ,0,0,0,0,0
Router 20 ,0,0,0,0,0
Router 21 ,0,0,0,0,0
Router 22 ,131,0,0,0,0
Router 23 ,0,0,0,0,0
Router 24 ,0,0,0,0,0
Quantum 16,,,,,
Routers , LOCAL , EAST , WEST , NORTH , SOUTH 
Router 0 ,0,0,0,0,0
Router 1 ,0,0,0,0,0
Router 2 ,0,0,0,0,0
Router 3 ,0,0,0,0,0
Router 4 ,0,0,0,0,0
Router 5 ,0,0,0,0,0
Router 6 ,0,0,0,0,0
Router 7 ,0,0,0,0,0
Router 8 ,0,0,0,0,0
Router 9 ,0,0,0,0,0
Router 10 ,0,0,0,0,0
Router 11 ,0,0,0,0,0
Router 12 ,0,0,0,0,0
Router 13 ,0,0,0,0,0
Router 14 ,0,0,0,0,0
Router 15 ,0,7,0,0,0
Router 16 ,0,14,0,0,0
Router 17 ,0,0,0,14,0
Router 18 ,0,0,0,0,0
Router 19 ,0,0,0,0,0
Router 20 ,0,0,0,0,0
Router 21 ,0,12,0,0,0
Router 22 ,19,0,0,0,0
Router 23 ,0,0,0,0,0
Router 24 ,0,0,0,0,0
Quantum 17,,,,,
Routers , LOCAL , EAST , WEST , NORTH , SOUTH 
Router 0 ,0,0,0,0,0
Router 1 ,0,0,0,0,0
Router 2 ,0,0,0,0,0
Router 3 ,0,0,0,0,0
Router 4 ,0,0,0,0,0
Router 5 ,0,0,0,0,0
Router 6 ,0,0,0,0,0
Router 7 ,0,0,0,0,0
Router 8 ,0,0,0,0,0
Router 9 ,0,0,0,0,0
Router 10 ,0,0,0,0,0
Router 11 ,0,0,0,0,0
Router 12 ,0,0,0,0,0
Router 13 ,0,0,0,0,0
Router 14 ,0,0,0,0,0
Router 15 ,0,0,0,0,0
Router 16 ,0,0,0,0,0
Router 17 ,0,0,0,0,0
Router 18 ,0,0,0,0,0
Router 19 ,0,0,0,0,0
Router 20 ,0,6,0,0,0
Router 21 ,0,138,0,0,0
Router 22 ,138,0,0,0,0
Router 23 ,0,0,0,0,0
Router 24 ,0,0,0,0,0
Quantum 18,,,,,
Routers , LOCAL , EAST , WEST , NORTH , SOUTH 
Router 0 ,0,0,0,0,0
Router 1 ,0,0,0,0,0
Router 2 ,0,0,0,0,0
Router 3 ,0,0,0,0,0
Router 4 ,0,0,0,0,0
Router 5 ,0,0,0,0,0
Router 6 ,0,0,0,0,0
Router 7 ,0,0,0,0,0
Router 8 ,0,0,0,0,0
Router 9 ,0,0,0,0,0
Router 10 ,0,0,0,0,0
Router 11 ,0,0,0,0,0
Router 12 ,0,0,0,0,0
Router 13 ,0,0,0,0,0
Router 14 ,0,0,0,0,0
Router 15 ,0,0,0,0,0
Router 16 ,0,0,0,0,0
Router 17 ,0,0,0,0,0
Router 18 ,0,0,0,0,0
Router 19 ,0,0,0,0,0
Router 20 ,0,1,0,0,0
Router 21 ,0,0,0,0,0
Router 22 ,28,0,0,0,0
Router 23 ,0,0,28,0,0
Router 24 ,0,0,0,0,0
Quantum 19,,,,,
Routers , LOCAL , EAST , WEST , NORTH , SOUTH 
Router 0 ,0,0,0,0,0
Router 1 ,0,0,0,0,0
Router 2 ,0,0,0,0,0
Router 3 ,0,0,0,0,0
Router 4 ,0,0,0,0,0
Router 5 ,0,0,0,0,0
Router 6 ,0,0,0,0,0
Router 7 ,0,0,0,0,0
Router 8 ,0,0,0,0,0
Router 9 ,0,0,0,0,0
Router 10 ,0,0,0,0,0
Router 11 ,0,0,0,0,0
Router 12 ,0,0,0,0,0
Router 13 ,0,0,0,0,0
Router 14 ,0,0,0,0,0
Router 15 ,0,0,0,0,0
Router 16 ,0,0,0,0,0
Router 17 ,0,0,0,0,0
Router 18 ,0,0,0,0,0
Router 19 ,0,0,0,0,0
Router 20 ,0,0,0,0,0
Router 21 ,0,0,0,0,0
Router 22 ,122,0,0,0,0
Router 23 ,0,0,122,0,0
Router 24 ,0,0,7,0,0
Quantum 20,,,,,
Routers , LOCAL , EAST , WEST , NORTH , SOUTH 
Router 0 ,0,0,0,0,0
Router 1 ,0,0,0,0,0
Router 2 ,0,0,0,0,0
Router 3 ,0,0,0,0,0
Router 4 ,0,0,0,0,0
Router 5 ,0,0,0,0,0
Router 6 ,0,0,0,0,0
Router 7 ,0,0,0,0,0
Router 8 ,0,0,0,0,0
Router 9 ,0,0,0,0,0
Router 10 ,0,0,0,0,0
Router 11 ,0,0,0,0,0
Router 12 ,0,0,0,0,0
Router 13 ,0,0,0,0,0
Router 14 ,0,0,0,0,0
Router 15 ,0,0,0,0,0
Router 16 ,0,0,0,0,0
Router 17 ,0,0,0,44,0
Router 18 ,0,0,0,0,0
Router 19 ,0,0,0,0,0
Router 20 ,0,0,0,0,0
Router 21 ,0,0,0,0,0
Router 22 ,44,0,0,0,0
Router 23 ,0,0,0,0,0
Router 24 ,0,0,0,0,0
Quantum 21,,,,,
Routers , LOCAL , EAST , WEST , NORTH , SOUTH 
Router 0 ,0,0,0,0,0
Router 1 ,0,0,0,0,0
Router 2 ,0,0,0,0,0
Router 3 ,0,0,0,0,0
Router 4 ,0,0,0,0,0
Router 5 ,0,0,0,0,0
Router 6 ,0,0,0,0,0
Router 7 ,0,0,0,0,0
Router 8 ,0,0,0,0,0
Router 9 ,0,0,0,0,0
Router 10 ,0,0,0,0,0
Router 11 ,0,6,0,0,0
Router 12 ,0,0,0,6,0
Router 13 ,0,0,0,0,0
Router 14 ,0,0,0,0,0
Router 15 ,0,0,0,0,0
Router 16 ,0,0,0,0,0
Router 17 ,0,0,0,106,0
Router 18 ,0,0,0,0,0
Router 19 ,0,0,0,0,0
Router 20 ,0,0,0,0,0
Router 21 ,0,0,0,0,0
Router 22 ,106,0,0,0,0
Router 23 ,0,0,0,0,0
Router 24 ,0,0,0,0,0
Quantum 22,,,,,
Routers , LOCAL , EAST , WEST , NORTH , SOUTH 
Router 0 ,0,0,0,0,0
Router 1 ,0,0,0,0,0
Router 2 ,0,0,0,0,0
Router 3 ,0,0,0,0,0
Router 4 ,0,0,0,0,0
Router 5 ,0,0,0,0,0
Router 6 ,0,0,0,0,0
Router 7 ,0,0,0,0,0
Router 8 ,0,0,0,0,0
Router 9 ,0,0,0,0,0
Router 10 ,0,0,0,0,0
Router 11 ,0,1,0,0,0
Router 12 ,0,0,0,1,0
Router 13 ,0,0,0,0,0
Router 14 ,0,0,0,0,0
Router 15 ,0,0,0,0,0
Router 16 ,0,0,0,0,0
Router 17 ,0,0,0,0,0
Router 18 ,0,0,0,0,0
Router 19 ,0,0,0,0,0
Router 20 ,0,76,0,0,0
Router 21 ,0,77,0,0,0
Router 22 ,77,0,0,0,0
Router 23 ,0,0,0,0,0
Router 24 ,0,0,0,0,0
Quantum 23,,,,,
Routers , LOCAL , EAST , WEST , NORTH , SOUTH 
Router 0 ,0,0,0,0,0
Router 1 ,0,0,0,0,0
Router 2 ,0,0,0,0,0
Router 3 ,0,0,0,0,0
Router 4 ,0,0,0,0,0
Router 5 ,0,0,0,0,0
Router 6 ,0,0,0,0,0
Router 7 ,0,0,0,0,0
Router 8 ,0,0,0,0,0
Router 9 ,0,0,0,0,0
Router 10 ,0,0,0,0,0
Router 11 ,0,0,0,0,0
Router 12 ,0,0,0,0,0
Router 13 ,0,0,0,0,0
Router 14 ,0,0,0,0,0
Router 15 ,0,0,0,0,0
Router 16 ,0,0,0,0,0
Router 17 ,0,0,0,0,0
Router 18 ,0,0,0,0,0
Router 19 ,0,0,0,0,0
Router 20 ,0,60,0,0,0
Router 21 ,0,66,0,0,0
Router 22 ,73,0,0,0,0
Router 23 ,0,0,0,0,0
Router 24 ,0,0,0,0,0
Quantum 24,,,,,
Routers , LOCAL , EAST , WEST , NORTH , SOUTH 
Router 0 ,0,0,0,0,0
Router 1 ,0,0,0,0,0
Router 2 ,0,0,0,0,0
Router 3 ,0,0,0,0,0
Router 4 ,0,0,0,0,0
Router 5 ,0,0,0,0,0
Router 6 ,0,0,0,0,0
Router 7 ,0,0,0,0,0
Router 8 ,0,0,0,0,0
Router 9 ,0,0,0,0,0
Router 10 ,0,0,0,0,0
Router 11 ,0,0,0,0,0
Router 12 ,0,0,0,0,0
Router 13 ,0,0,0,0,0
Router 14 ,0,0,0,0,0
Router 15 ,0,0,0,0,0
Router 16 ,0,0,0,0,0
Router 17 ,0,0,0,0,0
Router 18 ,0,0,0,0,0
Router 19 ,0,0,0,0,0
Router 20 ,0,0,0,0,0
Router 21 ,0,0,0,0,0
Router 22 ,92,0,0,0,0
Router 23 ,0,0,92,0,0
Router 24 ,0,0,92,0,0
Quantum 25,,,,,
Routers , LOCAL , EAST , WEST , NORTH , SOUTH 
Router 0 ,0,0,0,0,0
Router 1 ,0,0,0,0,0
Router 2 ,0,0,0,0,0
Router 3 ,0,0,0,0,0
Router 4 ,0,0,0,0,0
Router 5 ,0,0,0,0,0
Router 6 ,0,0,0,0,0
Router 7 ,0,0,0,0,0
Router 8 ,0,0,0,0,0
Router 9 ,0,0,0,0,0
Router 10 ,0,0,0,0,0
Router 11 ,0,0,0,0,0
Router 12 ,0,0,0,0,0
Router 13 ,0,0,0,0,0
Router 14 ,0,0,0,0,0
Router 15 ,0,0,0,0,0
Router 16 ,0,0,0,0,0
Router 17 ,0,0,0,0,0
Router 18 ,0,0,0,0,0
Router 19 ,0,0,0,0,0
Router 20 ,0,0,0,0,0
Router 21 ,0,0,0,0,0
Router 22 ,58,0,0,0,0
Router 23 ,0,0,51,0,0
Router 24 ,0,0,44,0,0
Quantum 26,,,,,
Routers , LOCAL , EAST , WEST , NORTH , SOUTH 
Router 0 ,0,0,0,0,0
Router 1 ,0,0,0,0,0
Router 2 ,0,0,0,0,0
Router 3 ,0,0,0,0,0
Router 4 ,0,0,0,0,0
Router 5 ,0,0,0,0,0
Router 6 ,0,0,0,0,0
Router 7 ,0,0,0,0,0
Router 8 ,0,0,0,0,0
Router 9 ,0,0,0,0,0
Router 10 ,0,0,0,0,0
Router 11 ,0,105,0,0,0
Router 12 ,0,0,0,105,0
Router 13 ,0,0,0,0,0
Router 14 ,0,0,0,0,0
Router 15 ,0,0,0,0,0
Router 16 ,0,0,0,0,0
Router 17 ,0,0,0,106,0
Router 18 ,0,0,0,0,0
Router 19 ,0,0,0,0,0
Router 20 ,0,0,0,0,0
Router 21 ,0,0,0,0,0
Router 22 ,106,0,0,0,0
Router 23 ,0,0,0,0,0
Router 24 ,0,0,0,0,0
Quantum 27,,,,,
Routers , LOCAL , EAST , WEST , NORTH , SOUTH 
Router 0 ,0,0,0,0,0
Router 1 ,0,0,0,0,0
Router 2 ,0,0,0,0,0
Router 3 ,0,0,0,0,0
Router 4 ,0,0,0,0,0
Router 5 ,0,0,0,0,0
Router 6 ,0,0,0,0,0
Router 7 ,0,0,0,0,0
Router 8 ,0,0,0,0,0
Router 9 ,0,0,0,0,0
Router 10 ,0,0,0,0,0
Router 11 ,0,17,0,0,0
Router 12 ,0,0,0,24,0
Router 13 ,0,0,0,0,0
Router 14 ,0,0,0,0,0
Router 15 ,0,0,0,0,0
Router 16 ,0,0,0,0,0
Router 17 ,0,0,0,30,0
Router 18 ,0,0,0,0,0
Router 19 ,0,0,0,0,0
Router 20 ,0,0,0,0,0
Router 21 ,0,0,0,0,0
Router 22 ,37,0,0,0,0
Router 23 ,0,0,0,0,0
Router 24 ,0,0,0,0,0
Quantum 28,,,,,
Routers , LOCAL , EAST , WEST , NORTH , SOUTH 
Router 0 ,0,0,0,0,0
Router 1 ,0,0,0,0,0
Router 2 ,0,0,0,0,0
Router 3 ,0,0,0,0,0
Router 4 ,0,0,0,0,0
Router 5 ,0,0,0,0,0
Router 6 ,0,0,0,0,0
Router 7 ,0,0,0,0,0
Router 8 ,0,0,0,0,0
Router 9 ,0,0,0,0,0
Router 10 ,0,7,0,0,0
Router 11 ,0,14,0,0,0
Router 12 ,0,0,0,14,0
Router 13 ,0,0,0,0,0
Router 14 ,0,0,0,0,0
Router 15 ,0,0,0,0,0
Router 16 ,0,0,0,0,0
Router 17 ,0,0,0,24,0
Router 18 ,0,0,17,0,0
Router 19 ,0,0,0,0,0
Router 20 ,0,0,0,0,0
Router 21 ,0,0,0,0,0
Router 22 ,17,0,0,0,0
Router 23 ,0,0,0,0,0
Router 24 ,0,0,0,0,0
Quantum 29,,,,,
Routers , LOCAL , EAST , WEST , NORTH , SOUTH 
Router 0 ,0,0,0,0,0
Router 1 ,0,0,0,0,0
Router 2 ,0,0,0,0,0
Router 3 ,0,0,0,0,0
Router 4 ,0,0,0,0,0
Router 5 ,0,0,0,0,0
Router 6 ,0,0,0,0,0
Router 7 ,0,0,0,0,0
Router 8 ,0,0,0,0,0
Router 9 ,0,0,0,0,0
Router 10 ,0,0,0,0,0
Router 11 ,0,0,0,0,0
Router 12 ,0,0,0,0,0
Router 13 ,0,0,0,0,0
Router 14 ,0,0,0,0,0
Router 15 ,0,0,0,0,0
Router 16 ,0,0,0,0,0
Router 17 ,0,0,0,126,0
Router 18 ,0,0,119,0,0
Router 19 ,0,0,0,0,0
Router 20 ,0,0,0,0,0
Router 21 ,0,0,0,0,0
Router 22 ,133,0,0,0,0
Router 23 ,0,0,0,0,0
Router 24 ,0,0,0,0,0
Quantum 30,,,,,
Routers , LOCAL , EAST , WEST , NORTH , SOUTH 
Router 0 ,0,0,0,0,0
Router 1 ,0,0,0,0,0
Router 2 ,0,0,0,0,0
Router 3 ,0,0,0,0,0
Router 4 ,0,0,0,0,0
Router 5 ,0,0,0,0,0
Router 6 ,0,0,0,0,0
Router 7 ,0,0,0,0,0
Router 8 ,0,0,0,0,0
Router 9 ,0,0,0,0,0
Router 10 ,0,0,0,0,0
Router 11 ,0,0,0,0,0
Router 12 ,0,0,0,0,0
Router 13 ,0,0,0,0,0
Router 14 ,0,0,0,0,0
Router 15 ,0,6,0,0,0
Router 16 ,0,7,0,0,0
Router 17 ,0,0,0,14,0
Router 18 ,0,0,14,0,0
Router 19 ,0,0,7,0,0
Router 20 ,0,0,0,0,0
Router 21 ,0,0,0,0,0
Router 22 ,8,0,0,0,0
Router 23 ,0,0,0,0,0
Router 24 ,0,0,0,0,0
Quantum 31,,,,,
Routers , LOCAL , EAST , WEST , NORTH , SOUTH 
Router 0 ,0,0,0,0,0
Router 1 ,0,0,0,0,0
Router 2 ,0,0,0,0,0
Router 3 ,0,0,0,0,0
Router 4 ,0,0,0,0,0
Router 5 ,0,0,0,0,0
Router 6 ,0,0,0,0,0
Router 7 ,0,0,0,0,0
Router 8 ,0,0,0,0,0
Router 9 ,0,0,0,0,0
Router 10 ,0,0,0,0,0
Router 11 ,0,0,0,0,0
Router 12 ,0,0,0,0,0
Router 13 ,0,0,0,0,0
Router 14 ,0,0,0,0,0
Router 15 ,0,123,0,0,0
Router 16 ,0,129,0,0,0
Router 17 ,0,0,0,136,0
Router 18 ,0,0,0,0,0
Router 19 ,0,0,0,0,0
Router 20 ,0,0,0,0,0
Router 21 ,0,0,0,0,0
Router 22 ,142,0,0,0,0
Router 23 ,0,0,0,0,0
Router 24 ,0,0,0,0,0
Quantum 32,,,,,
Routers , LOCAL , EAST , WEST , NORTH , SOUTH 
Router 0 ,0,0,0,0,0
Router 1 ,0,0,0,0,0
Router 2 ,0,0,0,0,0
Router 3 ,0,0,0,0,0
Router 4 ,0,0,0,0,0
Router 5 ,0,0,0,0,0
Router 6 ,0,0,0,0,0
Router 7 ,0,0,0,0,0
Router 8 ,0,0,0,0,0
Router 9 ,0,0,0,0,0
Router 10 ,0,0,0,0,0
Router 11 ,0,0,0,0,0
Router 12 ,0,0,0,7,0
Router 13 ,0,0,0,0,0
Router 14 ,0,0,0,0,0
Router 15 ,0,14,0,0,0
Router 16 ,0,14,0,0,0
Router 17 ,0,0,0,14,0
Router 18 ,0,0,0,0,0
Router 19 ,0,0,0,0,0
Router 20 ,0,0,0,0,0
Router 21 ,0,0,0,0,0
Router 22 ,8,0,0,0,0
Router 23 ,0,0,0,0,0
Router 24 ,0,0,0,0,0
Quantum 33,,,,,
Routers , LOCAL , EAST , WEST , NORTH , SOUTH 
Router 0 ,0,0,0,0,0
Router 1 ,0,0,0,0,0
Router 2 ,0,0,0,0,0
Router 3 ,0,0,0,0,0
Router 4 ,0,0,0,0,0
Router 5 ,0,0,0,0,0
Router 6 ,0,0,0,0,0
Router 7 ,0,0,0,0,0
Router 8 ,0,0,0,0,0
Router 9 ,0,0,0,0,0
Router 10 ,0,7,0,0,0
Router 11 ,0,7,0,0,0
Router 12 ,0,0,0,143,0
Router 13 ,0,0,0,0,0
Router 14 ,0,0,0,0,0
Router 15 ,0,0,0,0,0
Router 16 ,0,0,0,0,0
Router 17 ,0,0,0,150,0
Router 18 ,0,0,7,0,0
Router 19 ,0,0,7,0,0
Router 20 ,0,0,0,0,0
Router 21 ,0,0,0,0,0
Router 22 ,149,0,0,0,0
Router 23 ,0,0,0,0,0
Router 24 ,0,0,0,0,0
Quantum 34,,,,,
Routers , LOCAL , EAST , WEST , NORTH , SOUTH 
Router 0 ,0,0,0,0,0
Router 1 ,0,0,0,0,0
Router 2 ,0,0,0,0,0
Router 3 ,0,0,0,0,0
Router 4 ,0,0,0,0,0
Router 5 ,0,0,0,0,0
Router 6 ,0,0,0,0,0
Router 7 ,0,0,0,0,0
Router 8 ,0,0,0,0,0
Router 9 ,0,0,0,0,0
Router 10 ,0,0,0,0,0
Router 11 ,0,0,0,0,0
Router 12 ,0,0,0,0,0
Router 13 ,0,0,0,0,0
Router 14 ,0,0,0,0,0
Router 15 ,0,0,0,0,0
Router 16 ,0,0,0,0,0
Router 17 ,0,0,0,0,0
Router 18 ,0,0,0,0,0
Router 19 ,0,0,0,0,0
Router 20 ,0,0,0,0,0
Router 21 ,0,0,0,0,0
Router 22 ,1,0,0,0,0
Router 23 ,0,0,0,0,0
Router 24 ,0,0,0,0,0
Quantum 35,,,,,
Routers , LOCAL , EAST , WEST , NORTH , SOUTH 
Router 0 ,0,0,0,0,0
Router 1 ,0,0,0,0,0
Router 2 ,0,0,0,0,0
Router 3 ,0,0,0,0,0
Router 4 ,0,0,0,0,0
Router 5 ,0,0,0,0,0
Router 6 ,0,0,0,0,0
Router 7 ,0,0,0,0,0
Router 8 ,0,0,0,0,0
Router 9 ,0,0,0,0,0
Router 10 ,0,0,0,0,0
Router 11 ,0,0,0,0,0
Router 12 ,0,0,0,0,0
Router 13 ,0,0,0,0,0
Router 14 ,0,0,0,0,0
Router 15 ,0,0,0,0,0
Router 16 ,0,0,0,0,0
Router 17 ,0,0,0,136,0
Router 18 ,0,0,129,0,0
Router 19 ,0,0,122,0,0
Router 20 ,0,0,0,0,0
Router 21 ,0,0,0,0,0
Router 22 ,142,0,0,0,0
Router 23 ,0,0,0,0,0
Router 24 ,0,0,0,0,0
Quantum 36,,,,,
Routers , LOCAL , EAST , WEST , NORTH , SOUTH 
Router 0 ,0,0,0,0,0
Router 1 ,0,0,0,0,0
Router 2 ,0,0,0,0,0
Router 3 ,0,0,0,0,0
Router 4 ,0,0,0,0,0
Router 5 ,0,0,0,0,0
Router 6 ,0,0,0,0,0
Router 7 ,0,0,0,0,0
Router 8 ,0,0,0,0,0
Router 9 ,0,0,0,0,0
Router 10 ,0,0,0,0,0
Router 11 ,0,0,0,0,0
Router 12 ,0,0,0,0,0
Router 13 ,0,0,0,0,0
Router 14 ,0,0,0,0,0
Router 15 ,0,0,0,0,0
Router 16 ,0,7,0,0,0
Router 17 ,0,0,0,14,0
Router 18 ,0,0,14,0,0
Router 19 ,0,0,14,0,0
Router 20 ,0,0,0,0,0
Router 21 ,0,0,0,0,0
Router 22 ,8,0,0,0,0
Router 23 ,0,0,0,0,0
Router 24 ,0,0,0,0,0
Quantum 37,,,,,
Routers , LOCAL , EAST , WEST , NORTH , SOUTH 
Router 0 ,0,0,0,0,0
Router 1 ,0,0,0,0,0
Router 2 ,0,0,0,0,0
Router 3 ,0,0,0,0,0
Router 4 ,0,0,0,0,0
Router 5 ,0,0,0,0,0
Router 6 ,0,0,0,0,0
Router 7 ,0,0,0,0,0
Router 8 ,0,0,0,0,0
Router 9 ,0,0,0,0,0
Router 10 ,0,5,0,0,0
Router 11 ,0,6,0,0,0
Router 12 ,0,0,0,6,0
Router 13 ,0,0,0,0,0
Router 14 ,0,0,0,0,0
Router 15 ,0,7,0,0,0
Router 16 ,0,143,0,0,0
Router 17 ,0,0,0,150,0
Router 18 ,0,0,0,0,0
Router 19 ,0,0,0,0,0
Router 20 ,0,0,0,0,0
Router 21 ,0,0,0,0,0
Router 22 ,149,0,0,0,0
Router 23 ,0,0,0,0,0
Router 24 ,0,0,0,0,0
Quantum 38,,,,,
Routers , LOCAL , EAST , WEST , NORTH , SOUTH 
Router 0 ,0,0,0,0,0
Router 1 ,0,0,0,0,0
Router 2 ,0,0,0,0,0
Router 3 ,0,0,0,0,0
Router 4 ,0,0,0,0,0
Router 5 ,0,0,0,0,0
Router 6 ,0,0,0,0,0
Router 7 ,0,0,0,0,0
Router 8 ,0,0,0,0,0
Router 9 ,0,0,0,0,0
Router 10 ,0,1,0,0,0
Router 11 ,0,0,0,0,0
Router 12 ,0,0,0,1,0
Router 13 ,0,0,0,0,0
Router 14 ,0,0,0,0,0
Router 15 ,0,0,0,0,0
Router 16 ,0,0,0,0,0
Router 17 ,0,0,0,0,0
Router 18 ,0,0,0,0,0
Router 19 ,0,0,0,0,0
Router 20 ,0,0,0,0,0
Router 21 ,0,0,0,0,0
Router 22 ,1,0,0,0,0
Router 23 ,0,0,0,0,0
Router 24 ,0,0,0,0,0
Quantum 39,,,,,
Routers , LOCAL , EAST , WEST , NORTH , SOUTH 
Router 0 ,0,0,0,0,0
Router 1 ,0,0,0,0,0
Router 2 ,0,0,0,0,0
Router 3 ,0,0,0,0,0
Router 4 ,0,0,0,0,0
Router 5 ,0,0,0,0,0
Router 6 ,0,0,0,0,0
Router 7 ,0,0,0,0,0
Router 8 ,0,0,0,0,0
Router 9 ,0,0,0,0,0
Router 10 ,0,116,0,0,0
Router 11 ,0,123,0,0,0
Router 12 ,0,0,0,129,0
Router 13 ,0,0,0,0,0
Router 14 ,0,0,0,0,0
Router 15 ,0,0,0,0,0
Router 16 ,0,0,0,0,0
Router 17 ,0,0,0,136,0
Router 18 ,0,0,0,0,0
Router 19 ,0,0,0,0,0
Router 20 ,0,0,0,0,0
Router 21 ,0,0,0,0,0
Router 22 ,142,0,0,0,0
Router 23 ,0,0,0,0,0
Router 24 ,0,0,0,0,0
Quantum 40,,,,,
Routers , LOCAL , EAST , WEST , NORTH , SOUTH 
Router 0 ,0,0,0,0,0
Router 1 ,0,0,0,0,0
Router 2 ,0,0,0,0,0
Router 3 ,0,0,0,0,0
Router 4 ,0,0,0,0,0
Router 5 ,0,0,0,0,0
Router 6 ,0,0,0,0,0
Router 7 ,0,0,0,0,0
Router 8 ,0,0,0,0,0
Router 9 ,0,0,0,0,0
Router 10 ,0,14,0,0,0
Router 11 ,0,14,0,0,0
Router 12 ,0,0,0,14,0
Router 13 ,0,0,7,0,0
Router 14 ,0,0,0,0,0
Router 15 ,0,15,0,0,0
Router 16 ,0,15,0,0,0
Router 17 ,0,0,0,23,0
Router 18 ,0,0,0,0,0
Router 19 ,0,0,0,0,0
Router 20 ,0,0,0,0,0
Router 21 ,0,0,0,0,0
Router 22 ,16,0,0,0,0
Router 23 ,0,0,0,0,0
Router 24 ,0,0,0,0,0
Quantum 41,,,,,
Routers , LOCAL , EAST , WEST , NORTH , SOUTH 
Router 0 ,0,0,0,0,0
Router 1 ,0,0,0,0,0
Router 2 ,0,0,0,0,0
Router 3 ,0,0,0,0,0
Router 4 ,0,0,0,0,0
Router 5 ,0,0,0,0,0
Router 6 ,0,0,0,0,0
Router 7 ,0,0,0,0,0
Router 8 ,0,0,0,0,0
Router 9 ,0,0,0,0,0
Router 10 ,0,0,0,0,0
Router 11 ,0,0,0,0,0
Router 12 ,0,0,0,6,0
Router 13 ,0,0,6,0,0
Router 14 ,0,0,0,0,0
Router 15 ,0,121,0,0,0
Router 16 ,0,128,0,0,0
Router 17 ,0,0,0,141,0
Router 18 ,0,0,0,0,0
Router 19 ,0,0,0,0,0
Router 20 ,0,0,0,0,0
Router 21 ,0,0,0,0,0
Router 22 ,141,0,0,0,0
Router 23 ,0,0,0,0,0
Router 24 ,0,0,0,0,0
Quantum 42,,,,,
Routers , LOCAL , EAST , WEST , NORTH , SOUTH 
Router 0 ,0,0,0,0,0
Router 1 ,0,0,0,0,0
Router 2 ,0,0,0,0,0
Router 3 ,0,0,0,0,0
Router 4 ,0,0,0,0,0
Router 5 ,0,0,0,0,0
Router 6 ,0,0,0,0,0
Router 7 ,0,0,0,0,0
Router 8 ,0,0,0,0,0
Router 9 ,0,0,0,0,0
Router 10 ,0,0,0,0,0
Router 11 ,0,0,0,0,0
Router 12 ,0,0,0,0,0
Router 13 ,0,0,0,0,0
Router 14 ,0,0,0,0,0
Router 15 ,0,0,0,0,0
Router 16 ,0,0,0,0,0
Router 17 ,0,0,0,0,0
Router 18 ,0,0,0,0,0
Router 19 ,0,0,0,0,0
Router 20 ,0,0,0,0,0
Router 21 ,0,0,0,0,0
Router 22 ,0,0,0,0,0
Router 23 ,0,0,0,0,0
Router 24 ,0,0,0,0,0
Quantum 43,,,,,
Routers , LOCAL , EAST , WEST , NORTH , SOUTH 
Router 0 ,0,0,0,0,0
Router 1 ,0,0,0,0,0
Router 2 ,0,0,0,0,0
Router 3 ,0,0,0,0,0
Router 4 ,0,0,0,0,0
Router 5 ,0,0,0,0,0
Router 6 ,0,0,0,0,0
Router 7 ,0,0,0,0,0
Router 8 ,0,0,0,0,0
Router 9 ,0,0,0,0,0
Router 10 ,0,0,0,0,0
Router 11 ,0,0,0,0,0
Router 12 ,0,0,0,130,0
Router 13 ,0,0,123,0,0
Router 14 ,0,0,0,0,0
Router 15 ,0,0,0,0,0
Router 16 ,0,0,0,0,0
Router 17 ,0,0,0,136,0
Router 18 ,0,0,0,0,0
Router 19 ,0,0,0,0,0
Router 20 ,0,0,0,0,0
Router 21 ,0,0,0,0,0
Router 22 ,143,0,0,0,0
Router 23 ,0,0,0,0,0
Router 24 ,0,0,0,0,0
Quantum 44,,,,,
Routers , LOCAL , EAST , WEST , NORTH , SOUTH 
Router 0 ,0,0,0,0,0
Router 1 ,0,0,0,0,0
Router 2 ,0,0,0,0,0
Router 3 ,0,0,0,0,0
Router 4 ,0,0,0,0,0
Router 5 ,0,0,0,0,0
Router 6 ,0,0,0,0,0
Router 7 ,0,0,0,0,0
Router 8 ,0,0,0,0,0
Router 9 ,0,0,0,0,0
Router 10 ,0,0,0,0,0
Router 11 ,0,7,0,0,0
Router 12 ,0,0,0,14,0
Router 13 ,0,0,14,0,0
Router 14 ,0,0,7,0,0
Router 15 ,0,0,0,0,0
Router 16 ,0,0,0,0,0
Router 17 ,0,0,0,14,0
Router 18 ,0,0,7,0,0
Router 19 ,0,0,0,0,0
Router 20 ,0,0,0,0,0
Router 21 ,0,0,0,0,0
Router 22 ,8,0,0,0,0
Router 23 ,0,0,0,0,0
Router 24 ,0,0,0,0,0
Quantum 45,,,,,
Routers , LOCAL , EAST , WEST , NORTH , SOUTH 
Router 0 ,0,0,0,0,0
Router 1 ,0,0,0,0,0
Router 2 ,0,0,0,0,0
Router 3 ,0,0,0,0,0
Router 4 ,0,0,0,0,0
Router 5 ,0,0,0,0,0
Router 6 ,0,0,0,0,0
Router 7 ,0,0,0,0,0
Router 8 ,0,0,0,0,0
Router 9 ,0,0,0,0,0
Router 10 ,0,0,0,0,0
Router 11 ,0,6,0,0,0
Router 12 ,0,0,0,6,0
Router 13 ,0,0,0,0,0
Router 14 ,0,0,0,0,0
Router 15 ,0,0,0,0,0
Router 16 ,0,0,0,0,0
Router 17 ,0,0,0,150,0
Router 18 ,0,0,143,0,0
Router 19 ,0,0,7,0,0
Router 20 ,0,0,0,0,0
Router 21 ,0,0,0,0,0
Router 22 ,149,0,0,0,0
Router 23 ,0,0,0,0,0
Router 24 ,0,0,0,0,0
Quantum 46,,,,,
Routers , LOCAL , EAST , WEST , NORTH , SOUTH 
Router 0 ,0,0,0,0,0
Router 1 ,0,0,0,0,0
Router 2 ,0,0,0,0,0
Router 3 ,0,0,0,0,0
Router 4 ,0,0,0,0,0
Router 5 ,0,0,0,0,0
Router 6 ,0,0,0,0,0
Router 7 ,0,0,0,0,0
Router 8 ,0,0,0,0,0
Router 9 ,0,0,0,0,0
Router 10 ,0,0,0,0,0
Router 11 ,0,0,0,0,0
Router 12 ,0,0,0,0,0
Router 13 ,0,0,0,0,0
Router 14 ,0,0,0,0,0
Router 15 ,0,0,0,0,0
Router 16 ,0,0,0,0,0
Router 17 ,0,0,0,0,0
Router 18 ,0,0,0,0,0
Router 19 ,0,0,0,0,0
Router 20 ,0,0,0,0,0
Router 21 ,0,0,0,0,0
Router 22 ,0,0,0,0,0
Router 23 ,0,0,0,0,0
Router 24 ,0,0,0,0,0
Quantum 47,,,,,
Routers , LOCAL , EAST , WEST , NORTH , SOUTH 
Router 0 ,0,0,0,0,0
Router 1 ,0,0,0,0,0
Router 2 ,0,0,0,0,0
Router 3 ,0,0,0,0,0
Router 4 ,0,0,0,0,0
Router 5 ,0,0,0,0,0
Router 6 ,0,0,0,0,0
Router 7 ,0,0,0,0,0
Router 8 ,0,0,0,0,0
Router 9 ,0,0,0,0,0
Router 10 ,0,7,0,0,0
Router 11 ,0,137,0,0,0
Router 12 ,0,0,0,144,0
Router 13 ,0,0,7,0,0
Router 14 ,0,0,7,0,0
Router 15 ,0,0,0,0,0
Router 16 ,0,0,0,0,0
Router 17 ,0,0,0,150,0
Router 18 ,0,0,7,0,0
Router 19 ,0,0,7,0,0
Router 20 ,0,0,0,0,0
Router 21 ,0,0,0,0,0
Router 22 ,150,0,0,0,0
Router 23 ,0,0,0,0,0
Router 24 ,0,0,0,0,0
Quantum 48,,,,,
Routers , LOCAL , EAST , WEST , NORTH , SOUTH 
Router 0 ,0,0,0,0,0
Router 1 ,0,0,0,0,0
Router 2 ,0,0,0,0,0
Router 3 ,0,0,0,0,0
Router 4 ,0,0,0,0,0
Router 5 ,0,0,0,0,0
Router 6 ,0,0,0,0,0
Router 7 ,0,0,0,0,0
Router 8 ,0,0,0,0,0
Router 9 ,0,0,0,0,0
Router 10 ,0,0,0,0,0
Router 11 ,0,0,0,0,0
Router 12 ,0,0,0,0,0
Router 13 ,0,0,0,0,0
Router 14 ,0,0,0,0,0
Router 15 ,0,0,0,0,0
Router 16 ,0,0,0,0,0
Router 17 ,0,0,0,0,0
Router 18 ,0,0,0,0,0
Router 19 ,0,0,0,0,0
Router 20 ,0,0,0,0,0
Router 21 ,0,0,0,0,0
Router 22 ,0,0,0,0,0
Router 23 ,0,0,0,0,0
Router 24 ,0,0,0,0,0
Quantum 49,,,,,
Routers , LOCAL , EAST , WEST , NORTH , SOUTH 
Router 0 ,0,0,0,0,0
Router 1 ,0,0,0,0,0
Router 2 ,0,0,0,0,0
Router 3 ,0,0,0,0,0
Router 4 ,0,0,0,0,0
Router 5 ,0,0,0,0,0
Router 6 ,0,0,0,0,0
Router 7 ,0,0,0,0,0
Router 8 ,0,0,0,0,0
Router 9 ,0,0,0,0,0
Router 10 ,0,0,0,0,0
Router 11 ,0,0,0,0,0
Router 12 ,0,0,0,6,0
Router 13 ,0,0,6,0,0
Router 14 ,0,0,6,0,0
Router 15 ,0,0,0,0,0
Router 16 ,0,0,0,0,0
Router 17 ,0,0,0,150,0
Router 18 ,0,0,136,0,0
Router 19 ,0,0,129,0,0
Router 20 ,0,0,0,0,0
Router 21 ,0,0,0,0,0
Router 22 ,150,0,0,0,0
Router 23 ,0,0,0,0,0
Router 24 ,0,0,0,0,0
Quantum 50,,,,,
Routers , LOCAL , EAST , WEST , NORTH , SOUTH 
Router 0 ,0,0,0,0,0
Router 1 ,0,0,0,0,0
Router 2 ,0,0,0,0,0
Router 3 ,0,0,0,0,0
Router 4 ,0,0,0,0,0
Router 5 ,0,0,0,0,0
Router 6 ,0,0,0,0,0
Router 7 ,0,0,0,0,0
Router 8 ,0,0,0,0,0
Router 9 ,0,0,0,0,0
Router 10 ,0,0,0,0,0
Router 11 ,0,0,0,0,0
Router 12 ,0,0,0,0,0
Router 13 ,0,0,0,0,0
Router 14 ,0,0,0,0,0
Router 15 ,0,0,0,0,0
Router 16 ,0,0,0,0,0
Router 17 ,0,0,0,0,0
Router 18 ,0,0,0,0,0
Router 19 ,0,0,0,0,0
Router 20 ,0,0,0,0,0
Router 21 ,0,0,0,0,0
Router 22 ,0,0,0,0,0
Router 23 ,0,0,0,0,0
Router 24 ,0,0,0,0,0
Quantum 51,,,,,
Routers , LOCAL , EAST , WEST , NORTH , SOUTH 
Router 0 ,0,0,0,0,0
Router 1 ,0,0,0,0,0
Router 2 ,0,0,0,0,0
Router 3 ,0,0,0,0,0
Router 4 ,0,0,0,0,0
Router 5 ,0,0,0,0,0
Router 6 ,0,0,0,0,0
Router 7 ,0,0,0,0,0
Router 8 ,0,0,0,0,0
Router 9 ,0,0,0,0,0
Router 10 ,0,0,0,0,0
Router 11 ,0,0,0,0,0
Router 12 ,0,0,0,130,0
Router 13 ,0,0,123,0,0
Router 14 ,0,0,116,0,0
Router 15 ,0,0,0,0,0
Router 16 ,0,0,0,0,0
Router 17 ,0,0,0,136,0
Router 18 ,0,0,0,0,0
Router 19 ,0,0,0,0,0
Router 20 ,0,0,0,0,0
Router 21 ,0,0,0,0,0
Router 22 ,143,0,0,0,0
Router 23 ,0,0,0,0,0
Router 24 ,0,0,0,0,0
Quantum 52,,,,,
Routers , LOCAL , EAST , WEST , NORTH , SOUTH 
Router 0 ,0,0,0,0,0
Router 1 ,0,0,0,0,0
Router 2 ,0,0,0,0,0
Router 3 ,0,0,0,0,0
Router 4 ,0,0,0,0,0
Router 5 ,0,0,0,0,0
Router 6 ,0,0,0,0,0
Router 7 ,0,0,0,9,0
Router 8 ,0,0,0,0,0
Router 9 ,0,0,0,0,0
Router 10 ,0,0,0,0,0
Router 11 ,0,0,0,0,0
Router 12 ,0,0,0,17,0
Router 13 ,0,0,14,0,0
Router 14 ,0,0,14,0,0
Router 15 ,0,0,0,0,0
Router 16 ,0,0,0,0,0
Router 17 ,0,0,0,14,0
Router 18 ,0,0,0,0,0
Router 19 ,0,0,0,0,0
Router 20 ,0,0,0,0,0
Router 21 ,0,0,0,0,0
Router 22 ,8,0,0,0,0
Router 23 ,0,0,0,0,0
Router 24 ,0,0,0,0,0
Quantum 53,,,,,
Routers , LOCAL , EAST , WEST , NORTH , SOUTH 
Router 0 ,0,0,0,0,0
Router 1 ,0,0,0,0,0
Router 2 ,0,0,0,0,0
Router 3 ,0,0,0,0,0
Router 4 ,0,0,0,0,0
Router 5 ,0,0,0,0,0
Router 6 ,0,0,0,0,0
Router 7 ,0,0,0,127,0
Router 8 ,0,0,0,0,0
Router 9 ,0,0,0,0,0
Router 10 ,0,0,0,0,0
Router 11 ,0,0,0,0,0
Router 12 ,0,0,0,133,0
Router 13 ,0,0,0,0,0
Router 14 ,0,0,0,0,0
Router 15 ,0,0,0,0,0
Router 16 ,0,0,0,0,0
Router 17 ,0,0,0,136,0
Router 18 ,0,0,0,0,0
Router 19 ,0,0,0,0,0
Router 20 ,0,0,0,0,0
Router 21 ,0,0,0,0,0
Router 22 ,142,0,0,0,0
Router 23 ,0,0,0,0,0
Router 24 ,0,0,0,0,0
Quantum 54,,,,,
Routers , LOCAL , EAST , WEST , NORTH , SOUTH 
Router 0 ,0,0,0,0,0
Router 1 ,0,0,0,0,0
Router 2 ,0,0,0,7,0
Router 3 ,0,0,0,0,0
Router 4 ,0,0,0,0,0
Router 5 ,0,0,0,0,0
Router 6 ,0,0,0,0,0
Router 7 ,0,0,0,14,0
Router 8 ,0,0,0,0,0
Router 9 ,0,0,0,0,0
Router 10 ,0,0,0,0,0
Router 11 ,0,0,0,0,0
Router 12 ,0,0,0,30,0
Router 13 ,0,0,23,0,0
Router 14 ,0,0,0,0,0
Router 15 ,0,0,0,0,0
Router 16 ,0,0,0,0,0
Router 17 ,0,0,0,24,0
Router 18 ,0,0,0,0,0
Router 19 ,0,0,0,0,0
Router 20 ,0,0,0,0,0
Router 21 ,0,0,0,0,0
Router 22 ,17,0,0,0,0
Router 23 ,0,0,0,0,0
Router 24 ,0,0,0,0,0
Quantum 55,,,,,
Routers , LOCAL , EAST , WEST , NORTH , SOUTH 
Router 0 ,0,0,0,0,0
Router 1 ,0,0,0,0,0
Router 2 ,0,0,0,0,0
Router 3 ,0,0,0,0,0
Router 4 ,0,0,0,0,0
Router 5 ,0,0,0,0,0
Router 6 ,0,0,0,0,0
Router 7 ,0,0,0,0,0
Router 8 ,0,0,0,0,0
Router 9 ,0,0,0,0,0
Router 10 ,0,12,0,0,0
Router 11 ,0,13,0,0,0
Router 12 ,0,0,0,140,0
Router 13 ,0,0,127,0,0
Router 14 ,0,0,7,0,0
Router 15 ,0,0,0,0,0
Router 16 ,0,0,0,0,0
Router 17 ,0,0,0,140,0
Router 18 ,0,0,0,0,0
Router 19 ,0,0,0,0,0
Router 20 ,0,0,0,0,0
Router 21 ,0,0,0,0,0
Router 22 ,140,0,0,0,0
Router 23 ,0,0,0,0,0
Router 24 ,0,0,0,0,0
Quantum 56,,,,,
Routers , LOCAL , EAST , WEST , NORTH , SOUTH 
Router 0 ,0,0,0,0,0
Router 1 ,0,0,0,0,0
Router 2 ,0,0,0,0,0
Router 3 ,0,0,0,0,0
Router 4 ,0,0,0,0,0
Router 5 ,0,0,0,0,0
Router 6 ,0,0,0,0,0
Router 7 ,0,0,0,0,0
Router 8 ,0,0,0,0,0
Router 9 ,0,0,0,0,0
Router 10 ,0,0,0,0,0
Router 11 ,0,0,0,0,0
Router 12 ,0,0,0,0,0
Router 13 ,0,0,0,0,0
Router 14 ,0,0,0,0,0
Router 15 ,0,0,0,0,0
Router 16 ,0,0,0,0,0
Router 17 ,0,0,0,0,0
Router 18 ,0,0,0,0,0
Router 19 ,0,0,0,0,0
Router 20 ,0,0,0,0,0
Router 21 ,0,0,0,0,0
Router 22 ,0,0,0,0,0
Router 23 ,0,0,0,0,0
Router 24 ,0,0,0,0,0
Quantum 57,,,,,
Routers , LOCAL , EAST , WEST , NORTH , SOUTH 
Router 0 ,0,0,0,0,0
Router 1 ,0,0,0,0,0
Router 2 ,0,0,0,12,0
Router 3 ,0,0,0,0,0
Router 4 ,0,0,0,0,0
Router 5 ,0,0,0,0,0
Router 6 ,0,0,0,0,0
Router 7 ,0,0,0,13,0
Router 8 ,0,0,0,0,0
Router 9 ,0,0,0,0,0
Router 10 ,0,124,0,0,0
Router 11 ,0,130,0,0,0
Router 12 ,0,0,0,150,0
Router 13 ,0,0,0,0,0
Router 14 ,0,0,0,0,0
Router 15 ,0,0,0,0,0
Router 16 ,0,0,0,0,0
Router 17 ,0,0,0,150,0
Router 18 ,0,0,0,0,0
Router 19 ,0,0,0,0,0
Router 20 ,0,0,0,0,0
Router 21 ,0,0,0,0,0
Router 22 ,150,0,0,0,0
Router 23 ,0,0,0,0,0
Router 24 ,0,0,0,0,0
Quantum 58,,,,,
Routers , LOCAL , EAST , WEST , NORTH , SOUTH 
Router 0 ,0,0,0,0,0
Router 1 ,0,0,0,0,0
Router 2 ,0,0,0,0,0
Router 3 ,0,0,0,0,0
Router 4 ,0,0,0,0,0
Router 5 ,0,0,0,0,0
Router 6 ,0,0,0,0,0
Router 7 ,0,0,0,0,0
Router 8 ,0,0,0,0,0
Router 9 ,0,0,0,0,0
Router 10 ,0,0,0,0,0
Router 11 ,0,0,0,0,0
Router 12 ,0,0,0,0,0
Router 13 ,0,0,0,0,0
Router 14 ,0,0,0,0,0
Router 15 ,0,0,0,0,0
Router 16 ,0,0,0,0,0
Router 17 ,0,0,0,0,0
Router 18 ,0,0,0,0,0
Router 19 ,0,0,0,0,0
Router 20 ,0,0,0,0,0
Router 21 ,0,0,0,0,0
Router 22 ,0,0,0,0,0
Router 23 ,0,0,0,0,0
Router 24 ,0,0,0,0,0
Quantum 59,,,,,
Routers , LOCAL , EAST , WEST , NORTH , SOUTH 
Router 0 ,0,0,0,0,0
Router 1 ,0,0,0,0,0
Router 2 ,0,0,0,117,0
Router 3 ,0,0,0,0,0
Router 4 ,0,0,0,0,0
Router 5 ,0,0,0,0,0
Router 6 ,0,0,0,0,0
Router 7 ,0,0,0,123,0
Router 8 ,0,0,0,0,0
Router 9 ,0,0,0,0,0
Router 10 ,0,0,0,0,0
Router 11 ,0,0,0,0,0
Router 12 ,0,0,0,130,0
Router 13 ,0,0,0,0,0
Router 14 ,0,0,0,0,0
Router 15 ,0,0,0,0,0
Router 16 ,0,0,0,0,0
Router 17 ,0,0,0,136,0
Router 18 ,0,0,0,0,0
Router 19 ,0,0,0,0,0
Router 20 ,0,0,0,0,0
Router 21 ,0,0,0,0,0
Router 22 ,143,0,0,0,0
Router 23 ,0,0,0,0,0
Router 24 ,0,0,0,0,0
Quantum 60,,,,,
Routers , LOCAL , EAST , WEST , NORTH , SOUTH 
Router 0 ,0,0,0,0,0
Router 1 ,0,7,0,0,0
Router 2 ,0,0,0,14,0
Router 3 ,0,0,0,0,0
Router 4 ,0,0,0,0,0
Router 5 ,0,0,0,0,0
Router 6 ,0,7,0,0,0
Router 7 ,0,0,0,14,0
Router 8 ,0,0,0,0,0
Router 9 ,0,0,0,0,0
Router 10 ,0,0,0,0,0
Router 11 ,0,0,0,0,0
Router 12 ,0,0,0,30,0
Router 13 ,0,0,23,0,0
Router 14 ,0,0,23,0,0
Router 15 ,0,0,0,0,0
Router 16 ,0,0,0,0,0
Router 17 ,0,0,0,24,0
Router 18 ,0,0,0,0,0
Router 19 ,0,0,0,0,0
Router 20 ,0,0,0,0,0
Router 21 ,0,0,0,0,0
Router 22 ,17,0,0,0,0
Router 23 ,0,0,0,0,0
Router 24 ,0,0,0,0,0
Quantum 61,,,,,
Routers , LOCAL , EAST , WEST , NORTH , SOUTH 
Router 0 ,0,0,0,0,0
Router 1 ,0,0,0,0,0
Router 2 ,0,0,0,0,0
Router 3 ,0,0,0,0,0
Router 4 ,0,0,0,0,0
Router 5 ,0,0,0,0,0
Router 6 ,0,12,0,0,0
Router 7 ,0,0,0,13,0
Router 8 ,0,0,0,0,0
Router 9 ,0,0,0,0,0
Router 10 ,0,0,0,0,0
Router 11 ,0,0,0,0,0
Router 12 ,0,0,0,140,0
Router 13 ,0,0,120,0,0
Router 14 ,0,0,113,0,0
Router 15 ,0,0,0,0,0
Router 16 ,0,0,0,0,0
Router 17 ,0,0,0,140,0
Router 18 ,0,0,0,0,0
Router 19 ,0,0,0,0,0
Router 20 ,0,0,0,0,0
Router 21 ,0,0,0,0,0
Router 22 ,140,0,0,0,0
Router 23 ,0,0,0,0,0
Router 24 ,0,0,0,0,0
Quantum 62,,,,,
Routers , LOCAL , EAST , WEST , NORTH , SOUTH 
Router 0 ,0,0,0,0,0
Router 1 ,0,0,0,0,0
Router 2 ,0,0,0,0,0
Router 3 ,0,0,0,0,0
Router 4 ,0,0,0,0,0
Router 5 ,0,0,0,0,0
Router 6 ,0,0,0,0,0
Router 7 ,0,0,0,0,0
Router 8 ,0,0,0,0,0
Router 9 ,0,0,0,0,0
Router 10 ,0,0,0,0,0
Router 11 ,0,0,0,0,0
Router 12 ,0,0,0,0,0
Router 13 ,0,0,0,0,0
Router 14 ,0,0,0,0,0
Router 15 ,0,0,0,0,0
Router 16 ,0,0,0,0,0
Router 17 ,0,0,0,0,0
Router 18 ,0,0,0,0,0
Router 19 ,0,0,0,0,0
Router 20 ,0,0,0,0,0
Router 21 ,0,0,0,0,0
Router 22 ,0,0,0,0,0
Router 23 ,0,0,0,0,0
Router 24 ,0,0,0,0,0
Quantum 63,,,,,
Routers , LOCAL , EAST , WEST , NORTH , SOUTH 
Router 0 ,0,0,0,0,0
Router 1 ,0,0,0,0,0
Router 2 ,0,0,0,0,0
Router 3 ,0,0,0,0,0
Router 4 ,0,0,0,0,0
Router 5 ,0,0,0,0,0
Router 6 ,0,117,0,0,0
Router 7 ,0,0,0,123,0
Router 8 ,0,0,0,0,0
Router 9 ,0,0,0,0,0
Router 10 ,0,0,0,0,0
Router 11 ,0,0,0,0,0
Router 12 ,0,0,0,130,0
Router 13 ,0,0,0,0,0
Router 14 ,0,0,0,0,0
Router 15 ,0,0,0,0,0
Router 16 ,0,0,0,0,0
Router 17 ,0,0,0,136,0
Router 18 ,0,0,0,0,0
Router 19 ,0,0,0,0,0
Router 20 ,0,0,0,0,0
Router 21 ,0,0,0,0,0
Router 22 ,143,0,0,0,0
Router 23 ,0,0,0,0,0
Router 24 ,0,0,0,0,0
Quantum 64,,,,,
Routers , LOCAL , EAST , WEST , NORTH , SOUTH 
Router 0 ,0,0,0,0,0
Router 1 ,0,0,0,0,0
Router 2 ,0,0,0,0,0
Router 3 ,0,0,0,0,0
Router 4 ,0,0,0,0,0
Router 5 ,0,7,0,0,0
Router 6 ,0,14,0,0,0
Router 7 ,0,0,0,36,0
Router 8 ,0,0,29,0,0
Router 9 ,0,0,0,0,0
Router 10 ,0,0,0,0,0
Router 11 ,0,0,0,0,0
Router 12 ,0,0,0,29,0
Router 13 ,0,0,0,0,0
Router 14 ,0,0,0,0,0
Router 15 ,0,0,0,0,0
Router 16 ,0,0,0,0,0
Router 17 ,0,0,0,23,0
Router 18 ,0,0,0,0,0
Router 19 ,0,0,0,0,0
Router 20 ,0,0,0,0,0
Router 21 ,0,0,0,0,0
Router 22 ,16,0,0,0,0
Router 23 ,0,0,0,0,0
Router 24 ,0,0,0,0,0
Quantum 65,,,,,
Routers , LOCAL , EAST , WEST , NORTH , SOUTH 
Router 0 ,0,0,0,0,0
Router 1 ,0,0,0,0,0
Router 2 ,0,0,0,0,0
Router 3 ,0,0,0,0,0
Router 4 ,0,0,0,0,0
Router 5 ,0,0,0,0,0
Router 6 ,0,0,0,0,0
Router 7 ,0,0,0,114,0
Router 8 ,0,0,107,0,0
Router 9 ,0,0,0,0,0
Router 10 ,0,0,0,0,0
Router 11 ,0,0,0,0,0
Router 12 ,0,0,0,121,0
Router 13 ,0,0,0,0,0
Router 14 ,0,0,0,0,0
Router 15 ,0,0,0,0,0
Router 16 ,0,0,0,0,0
Router 17 ,0,0,0,127,0
Router 18 ,0,0,0,0,0
Router 19 ,0,0,0,0,0
Router 20 ,0,0,0,0,0
Router 21 ,0,0,0,0,0
Router 22 ,134,0,0,0,0
Router 23 ,0,0,0,0,0
Router 24 ,0,0,0,0,0
Quantum 66,,,,,
Routers , LOCAL , EAST , WEST , NORTH , SOUTH 
Router 0 ,0,0,0,0,0
Router 1 ,0,27,0,0,0
Router 2 ,0,0,0,28,0
Router 3 ,0,0,0,0,0
Router 4 ,0,0,0,0,0
Router 5 ,0,0,0,0,0
Router 6 ,0,0,0,0,0
Router 7 ,0,0,0,36,0
Router 8 ,0,0,14,0,0
Router 9 ,0,0,7,0,0
Router 10 ,0,0,0,0,0
Router 11 ,0,0,0,0,0
Router 12 ,0,0,0,29,0
Router 13 ,0,0,0,0,0
Router 14 ,0,0,0,0,0
Router 15 ,0,0,0,0,0
Router 16 ,0,0,0,0,0
Router 17 ,0,0,0,23,0
Router 18 ,0,0,0,0,0
Router 19 ,0,0,0,0,0
Router 20 ,0,0,0,0,0
Router 21 ,0,0,0,0,0
Router 22 ,16,0,0,0,0
Router 23 ,0,0,0,0,0
Router 24 ,0,0,0,0,0
Quantum 67,,,,,
Routers , LOCAL , EAST , WEST , NORTH , SOUTH 
Router 0 ,0,0,0,0,0
Router 1 ,0,102,0,0,0
Router 2 ,0,0,0,108,0
Router 3 ,0,0,0,0,0
Router 4 ,0,0,0,0,0
Router 5 ,0,0,0,0,0
Router 6 ,0,0,0,0,0
Router 7 ,0,0,0,114,0
Router 8 ,0,0,0,0,0
Router 9 ,0,0,0,0,0
Router 10 ,0,0,0,0,0
Router 11 ,0,0,0,0,0
Router 12 ,0,0,0,121,0
Router 13 ,0,0,0,0,0
Router 14 ,0,0,0,0,0
Router 15 ,0,0,0,0,0
Router 16 ,0,0,0,0,0
Router 17 ,0,0,0,127,0
Router 18 ,0,0,0,0,0
Router 19 ,0,0,0,0,0
Router 20 ,0,0,0,0,0
Router 21 ,0,0,0,0,0
Router 22 ,134,0,0,0,0
Router 23 ,0,0,0,0,0
Router 24 ,0,0,0,0,0
Quantum 68,,,,,
Routers , LOCAL , EAST , WEST , NORTH , SOUTH 
Router 0 ,0,7,0,0,0
Router 1 ,0,14,0,0,0
Router 2 ,0,0,0,14,0
Router 3 ,0,0,7,0,0
Router 4 ,0,0,0,0,0
Router 5 ,0,0,0,0,0
Router 6 ,0,0,0,0,0
Router 7 ,0,0,0,36,0
Router 8 ,0,0,0,0,0
Router 9 ,0,0,0,0,0
Router 10 ,0,0,0,0,0
Router 11 ,0,0,0,0,0
Router 12 ,0,0,0,29,0
Router 13 ,0,0,0,0,0
Router 14 ,0,0,0,0,0
Router 15 ,0,0,0,0,0
Router 16 ,0,0,0,0,0
Router 17 ,0,0,0,23,0
Router 18 ,0,0,0,0,0
Router 19 ,0,0,0,0,0
Router 20 ,0,0,0,0,0
Router 21 ,0,0,0,0,0
Router 22 ,16,0,0,0,0
Router 23 ,0,0,0,0,0
Router 24 ,0,0,0,0,0
Quantum 69,,,,,
Routers , LOCAL , EAST , WEST , NORTH , SOUTH 
Router 0 ,0,0,0,0,0
Router 1 ,0,0,0,0,0
Router 2 ,0,0,0,0,0
Router 3 ,0,0,0,0,0
Router 4 ,0,0,0,0,0
Router 5 ,0,0,0,0,0
Router 6 ,0,0,0,0,0
Router 7 ,0,0,0,141,0
Router 8 ,0,0,20,0,0
Router 9 ,0,0,20,0,0
Router 10 ,0,0,0,0,0
Router 11 ,0,0,0,0,0
Router 12 ,0,0,0,141,0
Router 13 ,0,0,0,0,0
Router 14 ,0,0,0,0,0
Router 15 ,0,0,0,0,0
Router 16 ,0,0,0,0,0
Router 17 ,0,0,0,141,0
Router 18 ,0,0,0,0,0
Router 19 ,0,0,0,0,0
Router 20 ,0,0,0,0,0
Router 21 ,0,0,0,0,0
Router 22 ,141,0,0,0,0
Router 23 ,0,0,0,0,0
Router 24 ,0,0,0,0,0
Quantum 70,,,,,
Routers , LOCAL , EAST , WEST , NORTH , SOUTH 
Router 0 ,0,0,0,0,0
Router 1 ,0,0,0,0,0
Router 2 ,0,0,0,0,0
Router 3 ,0,0,0,0,0
Router 4 ,0,0,0,0,0
Router 5 ,0,0,0,0,0
Router 6 ,0,0,0,0,0
Router 7 ,0,0,0,6,0
Router 8 ,0,0,6,0,0
Router 9 ,0,0,6,0,0
Router 10 ,0,0,0,0,0
Router 11 ,0,0,0,0,0
Router 12 ,0,0,0,6,0
Router 13 ,0,0,0,0,0
Router 14 ,0,0,0,0,0
Router 15 ,0,0,0,0,0
Router 16 ,0,0,0,0,0
Router 17 ,0,0,0,6,0
Router 18 ,0,0,0,0,0
Router 19 ,0,0,0,0,0
Router 20 ,0,0,0,0,0
Router 21 ,0,0,0,0,0
Router 22 ,6,0,0,0,0
Router 23 ,0,0,0,0,0
Router 24 ,0,0,0,0,0
Quantum 71,,,,,
Routers , LOCAL , EAST , WEST , NORTH , SOUTH 
Router 0 ,0,0,0,0,0
Router 1 ,0,0,0,0,0
Router 2 ,0,0,0,0,0
Router 3 ,0,0,0,0,0
Router 4 ,0,0,0,0,0
Router 5 ,0,0,0,0,0
Router 6 ,0,0,0,0,0
Router 7 ,0,0,0,117,0
Router 8 ,0,0,110,0,0
Router 9 ,0,0,103,0,0
Router 10 ,0,0,0,0,0
Router 11 ,0,0,0,0,0
Router 12 ,0,0,0,124,0
Router 13 ,0,0,0,0,0
Router 14 ,0,0,0,0,0
Router 15 ,0,0,0,0,0
Router 16 ,0,0,0,0,0
Router 17 ,0,0,0,130,0
Router 18 ,0,0,0,0,0
Router 19 ,0,0,0,0,0
Router 20 ,0,0,0,0,0
Router 21 ,0,0,0,0,0
Router 22 ,137,0,0,0,0
Router 23 ,0,0,0,0,0
Router 24 ,0,0,0,0,0
Quantum 72,,,,,
Routers , LOCAL , EAST , WEST , NORTH , SOUTH 
Router 0 ,0,0,0,0,0
Router 1 ,0,0,0,0,0
Router 2 ,0,0,0,0,0
Router 3 ,0,0,0,0,0
Router 4 ,0,0,0,0,0
Router 5 ,0,26,0,0,0
Router 6 ,0,27,0,0,0
Router 7 ,0,0,0,35,0
Router 8 ,0,0,14,0,0
Router 9 ,0,0,14,0,0
Router 10 ,0,0,0,0,0
Router 11 ,0,0,0,0,0
Router 12 ,0,0,0,29,0
Router 13 ,0,0,0,0,0
Router 14 ,0,0,0,0,0
Router 15 ,0,0,0,0,0
Router 16 ,0,0,0,0,0
Router 17 ,0,0,0,23,0
Router 18 ,0,0,0,0,0
Router 19 ,0,0,0,0,0
Router 20 ,0,0,0,0,0
Router 21 ,0,0,0,0,0
Router 22 ,16,0,0,0,0
Router 23 ,0,0,0,0,0
Router 24 ,0,0,0,0,0
Quantum 73,,,,,
Routers , LOCAL , EAST , WEST , NORTH , SOUTH 
Router 0 ,0,0,0,0,0
Router 1 ,0,0,0,0,0
Router 2 ,0,0,0,0,0
Router 3 ,0,0,0,0,0
Router 4 ,0,0,0,0,0
Router 5 ,0,103,0,0,0
Router 6 ,0,109,0,0,0
Router 7 ,0,0,0,115,0
Router 8 ,0,0,0,0,0
Router 9 ,0,0,0,0,0
Router 10 ,0,0,0,0,0
Router 11 ,0,0,0,0,0
Router 12 ,0,0,0,121,0
Router 13 ,0,0,0,0,0
Router 14 ,0,0,0,0,0
Router 15 ,0,0,0,0,0
Router 16 ,0,0,0,0,0
Router 17 ,0,0,0,127,0
Router 18 ,0,0,0,0,0
Router 19 ,0,0,0,0,0
Router 20 ,0,0,0,0,0
Router 21 ,0,0,0,0,0
Router 22 ,134,0,0,0,0
Router 23 ,0,0,0,0,0
Router 24 ,0,0,0,0,0
Quantum 74,,,,,
Routers , LOCAL , EAST , WEST , NORTH , SOUTH 
Router 0 ,0,0,0,0,0
Router 1 ,0,0,0,0,0
Router 2 ,0,0,0,0,0
Router 3 ,0,0,0,0,0
Router 4 ,0,0,0,0,0
Router 5 ,0,14,0,0,0
Router 6 ,0,14,0,0,0
Router 7 ,0,0,0,36,0
Router 8 ,0,0,29,0,0
Router 9 ,0,0,0,0,0
Router 10 ,0,0,0,0,0
Router 11 ,0,0,0,0,0
Router 12 ,0,0,0,29,0
Router 13 ,0,0,0,0,0
Router 14 ,0,0,0,0,0
Router 15 ,0,0,0,0,0
Router 16 ,0,0,0,0,0
Router 17 ,0,0,0,23,0
Router 18 ,0,0,0,0,0
Router 19 ,0,0,0,0,0
Router 20 ,0,0,0,0,0
Router 21 ,0,0,0,0,0
Router 22 ,16,0,0,0,0
Router 23 ,0,0,0,0,0
Router 24 ,0,0,0,0,0
Quantum 75,,,,,
Routers , LOCAL , EAST , WEST , NORTH , SOUTH 
Router 0 ,0,0,0,0,0
Router 1 ,0,0,0,0,0
Router 2 ,0,0,0,19,0
Router 3 ,0,0,19,0,0
Router 4 ,0,0,0,0,0
Router 5 ,0,0,0,0,0
Router 6 ,0,0,0,0,0
Router 7 ,0,0,0,141,0
Router 8 ,0,0,121,0,0
Router 9 ,0,0,7,0,0
Router 10 ,0,0,0,0,0
Router 11 ,0,0,0,0,0
Router 12 ,0,0,0,141,0
Router 13 ,0,0,0,0,0
Router 14 ,0,0,0,0,0
Router 15 ,0,0,0,0,0
Router 16 ,0,0,0,0,0
Router 17 ,0,0,0,141,0
Router 18 ,0,0,0,0,0
Router 19 ,0,0,0,0,0
Router 20 ,0,0,0,0,0
Router 21 ,0,0,0,0,0
Router 22 ,141,0,0,0,0
Router 23 ,0,0,0,0,0
Router 24 ,0,0,0,0,0
Quantum 76,,,,,
Routers , LOCAL , EAST , WEST , NORTH , SOUTH 
Router 0 ,0,0,0,0,0
Router 1 ,0,0,0,0,0
Router 2 ,0,0,0,5,0
Router 3 ,0,0,5,0,0
Router 4 ,0,0,0,0,0
Router 5 ,0,0,0,0,0
Router 6 ,0,0,0,0,0
Router 7 ,0,0,0,5,0
Router 8 ,0,0,0,0,0
Router 9 ,0,0,0,0,0
Router 10 ,0,0,0,0,0
Router 11 ,0,0,0,0,0
Router 12 ,0,0,0,5,0
Router 13 ,0,0,0,0,0
Router 14 ,0,0,0,0,0
Router 15 ,0,0,0,0,0
Router 16 ,0,0,0,0,0
Router 17 ,0,0,0,5,0
Router 18 ,0,0,0,0,0
Router 19 ,0,0,0,0,0
Router 20 ,0,0,0,0,0
Router 21 ,0,0,0,0,0
Router 22 ,5,0,0,0,0
Router 23 ,0,0,0,0,0
Router 24 ,0,0,0,0,0
Quantum 77,,,,,
Routers , LOCAL , EAST , WEST , NORTH , SOUTH 
Router 0 ,0,0,0,0,0
Router 1 ,0,0,0,0,0
Router 2 ,0,0,0,112,0
Router 3 ,0,0,105,0,0
Router 4 ,0,0,0,0,0
Router 5 ,0,0,0,0,0
Router 6 ,0,0,0,0,0
Router 7 ,0,0,0,118,0
Router 8 ,0,0,0,0,0
Router 9 ,0,0,0,0,0
Router 10 ,0,0,0,0,0
Router 11 ,0,0,0,0,0
Router 12 ,0,0,0,125,0
Router 13 ,0,0,0,0,0
Router 14 ,0,0,0,0,0
Router 15 ,0,0,0,0,0
Router 16 ,0,0,0,0,0
Router 17 ,0,0,0,131,0
Router 18 ,0,0,0,0,0
Router 19 ,0,0,0,0,0
Router 20 ,0,0,0,0,0
Router 21 ,0,0,0,0,0
Router 22 ,138,0,0,0,0
Router 23 ,0,0,0,0,0
Router 24 ,0,0,0,0,0
Quantum 78,,,,,
Routers , LOCAL , EAST , WEST , NORTH , SOUTH 
Router 0 ,0,0,0,0,0
Router 1 ,0,0,0,0,0
Router 2 ,0,0,0,14,0
Router 3 ,0,0,14,0,0
Router 4 ,0,0,7,0,0
Router 5 ,0,0,0,0,0
Router 6 ,0,27,0,0,0
Router 7 ,0,0,0,35,0
Router 8 ,0,0,0,0,0
Router 9 ,0,0,0,0,0
Router 10 ,0,0,0,0,0
Router 11 ,0,0,0,0,0
Router 12 ,0,0,0,29,0
Router 13 ,0,0,0,0,0
Router 14 ,0,0,0,0,0
Router 15 ,0,0,0,0,0
Router 16 ,0,0,0,0,0
Router 17 ,0,0,0,23,0
Router 18 ,0,0,0,0,0
Router 19 ,0,0,0,0,0
Router 20 ,0,0,0,0,0
Router 21 ,0,0,0,0,0
Router 22 ,16,0,0,0,0
Router 23 ,0,0,0,0,0
Router 24 ,0,0,0,0,0
Quantum 79,,,,,
Routers , LOCAL , EAST , WEST , NORTH , SOUTH 
Router 0 ,0,0,0,0,0
Router 1 ,0,0,0,0,0
Router 2 ,0,0,0,19,0
Router 3 ,0,0,0,0,0
Router 4 ,0,0,0,0,0
Router 5 ,0,7,0,0,0
Router 6 ,0,123,0,0,0
Router 7 ,0,0,0,142,0
Router 8 ,0,0,0,0,0
Router 9 ,0,0,0,0,0
Router 10 ,0,0,0,0,0
Router 11 ,0,0,0,0,0
Router 12 ,0,0,0,141,0
Router 13 ,0,0,0,0,0
Router 14 ,0,0,0,0,0
Router 15 ,0,0,0,0,0
Router 16 ,0,0,0,0,0
Router 17 ,0,0,0,141,0
Router 18 ,0,0,0,0,0
Router 19 ,0,0,0,0,0
Router 20 ,0,0,0,0,0
Router 21 ,0,0,0,0,0
Router 22 ,141,0,0,0,0
Router 23 ,0,0,0,0,0
Router 24 ,0,0,0,0,0
Quantum 80,,,,,
Routers , LOCAL , EAST , WEST , NORTH , SOUTH 
Router 0 ,0,0,0,0,0
Router 1 ,0,0,0,0,0
Router 2 ,0,0,0,5,0
Router 3 ,0,0,0,0,0
Router 4 ,0,0,0,0,0
Router 5 ,0,0,0,0,0
Router 6 ,0,0,0,0,0
Router 7 ,0,0,0,5,0
Router 8 ,0,0,0,0,0
Router 9 ,0,0,0,0,0
Router 10 ,0,0,0,0,0
Router 11 ,0,0,0,0,0
Router 12 ,0,0,0,5,0
Router 13 ,0,0,0,0,0
Router 14 ,0,0,0,0,0
Router 15 ,0,0,0,0,0
Router 16 ,0,0,0,0,0
Router 17 ,0,0,0,5,0
Router 18 ,0,0,0,0,0
Router 19 ,0,0,0,0,0
Router 20 ,0,0,0,0,0
Router 21 ,0,0,0,0,0
Router 22 ,5,0,0,0,0
Router 23 ,0,0,0,0,0
Router 24 ,0,0,0,0,0
Quantum 81,,,,,
Routers , LOCAL , EAST , WEST , NORTH , SOUTH 
Router 0 ,0,0,0,0,0
Router 1 ,0,0,0,0,0
Router 2 ,0,0,0,126,0
Router 3 ,0,0,7,0,0
Router 4 ,0,0,7,0,0
Router 5 ,0,0,0,0,0
Router 6 ,0,0,0,0,0
Router 7 ,0,0,0,145,0
Router 8 ,0,0,20,0,0
Router 9 ,0,0,20,0,0
Router 10 ,0,0,0,0,0
Router 11 ,0,0,0,0,0
Router 12 ,0,0,0,145,0
Router 13 ,0,0,0,0,0
Router 14 ,0,0,0,0,0
Router 15 ,0,0,0,0,0
Router 16 ,0,0,0,0,0
Router 17 ,0,0,0,145,0
Router 18 ,0,0,0,0,0
Router 19 ,0,0,0,0,0
Router 20 ,0,0,0,0,0
Router 21 ,0,0,0,0,0
Router 22 ,145,0,0,0,0
Router 23 ,0,0,0,0,0
Router 24 ,0,0,0,0,0
Quantum 82,,,,,
Routers , LOCAL , EAST , WEST , NORTH , SOUTH 
Router 0 ,0,0,0,0,0
Router 1 ,0,0,0,0,0
Router 2 ,0,0,0,0,0
Router 3 ,0,0,0,0,0
Router 4 ,0,0,0,0,0
Router 5 ,0,0,0,0,0
Router 6 ,0,0,0,0,0
Router 7 ,0,0,0,2,0
Router 8 ,0,0,2,0,0
Router 9 ,0,0,2,0,0
Router 10 ,0,0,0,0,0
Router 11 ,0,0,0,0,0
Router 12 ,0,0,0,2,0
Router 13 ,0,0,0,0,0
Router 14 ,0,0,0,0,0
Router 15 ,0,0,0,0,0
Router 16 ,0,0,0,0,0
Router 17 ,0,0,0,2,0
Router 18 ,0,0,0,0,0
Router 19 ,0,0,0,0,0
Router 20 ,0,0,0,0,0
Router 21 ,0,0,0,0,0
Router 22 ,2,0,0,0,0
Router 23 ,0,0,0,0,0
Router 24 ,0,0,0,0,0
Quantum 83,,,,,
Routers , LOCAL , EAST , WEST , NORTH , SOUTH 
Router 0 ,0,0,0,0,0
Router 1 ,0,0,0,0,0
Router 2 ,0,0,0,0,0
Router 3 ,0,0,0,0,0
Router 4 ,0,0,0,0,0
Router 5 ,0,19,0,0,0
Router 6 ,0,19,0,0,0
Router 7 ,0,0,0,148,0
Router 8 ,0,0,121,0,0
Router 9 ,0,0,114,0,0
Router 10 ,0,0,0,0,0
Router 11 ,0,0,0,0,0
Router 12 ,0,0,0,148,0
Router 13 ,0,0,0,0,0
Router 14 ,0,0,0,0,0
Router 15 ,0,0,0,0,0
Router 16 ,0,0,0,0,0
Router 17 ,0,0,0,148,0
Router 18 ,0,0,0,0,0
Router 19 ,0,0,0,0,0
Router 20 ,0,0,0,0,0
Router 21 ,0,0,0,0,0
Router 22 ,148,0,0,0,0
Router 23 ,0,0,0,0,0
Router 24 ,0,0,0,0,0
Quantum 84,,,,,
Routers , LOCAL , EAST , WEST , NORTH , SOUTH 
Router 0 ,0,0,0,0,0
Router 1 ,0,0,0,0,0
Router 2 ,0,0,0,0,0
Router 3 ,0,0,0,0,0
Router 4 ,0,0,0,0,0
Router 5 ,0,0,0,0,0
Router 6 ,0,1,0,0,0
Router 7 ,0,0,0,0,0
Router 8 ,0,0,0,0,0
Router 9 ,0,0,0,0,0
Router 10 ,0,0,0,0,0
Router 11 ,0,0,0,0,0
Router 12 ,0,0,0,1,0
Router 13 ,0,0,0,0,0
Router 14 ,0,0,0,0,0
Router 15 ,0,0,0,0,0
Router 16 ,0,0,0,0,0
Router 17 ,0,0,0,0,0
Router 18 ,0,0,0,0,0
Router 19 ,0,0,0,0,0
Router 20 ,0,0,0,0,0
Router 21 ,0,0,0,0,0
Router 22 ,1,0,0,0,0
Router 23 ,0,0,0,0,0
Router 24 ,0,0,0,0,0
Quantum 85,,,,,
Routers , LOCAL , EAST , WEST , NORTH , SOUTH 
Router 0 ,0,0,0,0,0
Router 1 ,0,0,0,0,0
Router 2 ,0,0,0,19,0
Router 3 ,0,0,19,0,0
Router 4 ,0,0,19,0,0
Router 5 ,0,117,0,0,0
Router 6 ,0,123,0,0,0
Router 7 ,0,0,0,150,0
Router 8 ,0,0,0,0,0
Router 9 ,0,0,0,0,0
Router 10 ,0,0,0,0,0
Router 11 ,0,0,0,0,0
Router 12 ,0,0,0,149,0
Router 13 ,0,0,0,0,0
Router 14 ,0,0,0,0,0
Router 15 ,0,0,0,0,0
Router 16 ,0,0,0,0,0
Router 17 ,0,0,0,150,0
Router 18 ,0,0,0,0,0
Router 19 ,0,0,0,0,0
Router 20 ,0,0,0,0,0
Router 21 ,0,0,0,0,0
Router 22 ,149,0,0,0,0
Router 23 ,0,0,0,0,0
Router 24 ,0,0,0,0,0
Quantum 86,,,,,
Routers , LOCAL , EAST , WEST , NORTH , SOUTH 
Router 0 ,0,0,0,0,0
Router 1 ,0,0,0,0,0
Router 2 ,0,0,0,0,0
Router 3 ,0,0,0,0,0
Router 4 ,0,0,0,0,0
Router 5 ,0,0,0,0,0
Router 6 ,0,0,0,0,0
Router 7 ,0,0,0,0,0
Router 8 ,0,0,0,0,0
Router 9 ,0,0,0,0,0
Router 10 ,0,0,0,0,0
Router 11 ,0,0,0,0,0
Router 12 ,0,0,0,0,0
Router 13 ,0,0,0,0,0
Router 14 ,0,0,0,0,0
Router 15 ,0,0,0,0,0
Router 16 ,0,0,0,0,0
Router 17 ,0,0,0,0,0
Router 18 ,0,0,0,0,0
Router 19 ,0,0,0,0,0
Router 20 ,0,0,0,0,0
Router 21 ,0,0,0,0,0
Router 22 ,0,0,0,0,0
Router 23 ,0,0,0,0,0
Router 24 ,0,0,0,0,0
Quantum 87,,,,,
Routers , LOCAL , EAST , WEST , NORTH , SOUTH 
Router 0 ,0,0,0,0,0
Router 1 ,0,0,0,0,0
Router 2 ,0,0,0,117,0
Router 3 ,0,0,110,0,0
Router 4 ,0,0,103,0,0
Router 5 ,0,0,0,0,0
Router 6 ,0,0,0,0,0
Router 7 ,0,0,0,123,0
Router 8 ,0,0,0,0,0
Router 9 ,0,0,0,0,0
Router 10 ,0,0,0,0,0
Router 11 ,0,0,0,0,0
Router 12 ,0,0,0,130,0
Router 13 ,0,0,0,0,0
Router 14 ,0,0,0,0,0
Router 15 ,0,0,0,0,0
Router 16 ,0,0,0,0,0
Router 17 ,0,0,0,136,0
Router 18 ,0,0,0,0,0
Router 19 ,0,0,0,0,0
Router 20 ,0,0,0,0,0
Router 21 ,0,0,0,0,0
Router 22 ,143,0,0,0,0
Router 23 ,0,0,0,0,0
Router 24 ,0,0,0,0,0
Quantum 88,,,,,
Routers , LOCAL , EAST , WEST , NORTH , SOUTH 
Router 0 ,0,28,0,0,0
Router 1 ,0,29,0,0,0
Router 2 ,0,0,0,37,0
Router 3 ,0,0,14,0,0
Router 4 ,0,0,14,0,0
Router 5 ,0,0,0,0,0
Router 6 ,0,0,0,0,0
Router 7 ,0,0,0,36,0
Router 8 ,0,0,0,0,0
Router 9 ,0,0,0,0,0
Router 10 ,0,0,0,0,0
Router 11 ,0,0,0,0,0
Router 12 ,0,0,0,29,0
Router 13 ,0,0,0,0,0
Router 14 ,0,0,0,0,0
Router 15 ,0,0,0,0,0
Router 16 ,0,0,0,0,0
Router 17 ,0,0,0,23,0
Router 18 ,0,0,0,0,0
Router 19 ,0,0,0,0,0
Router 20 ,0,0,0,0,0
Router 21 ,0,0,0,0,0
Router 22 ,16,0,0,0,0
Router 23 ,0,0,0,0,0
Router 24 ,0,0,0,0,0
Quantum 89,,,,,
Routers , LOCAL , EAST , WEST , NORTH , SOUTH 
Router 0 ,0,101,0,0,0
Router 1 ,0,107,0,0,0
Router 2 ,0,0,0,113,0
Router 3 ,0,0,0,0,0
Router 4 ,0,0,0,0,0
Router 5 ,0,0,0,0,0
Router 6 ,0,0,0,0,0
Router 7 ,0,0,0,114,0
Router 8 ,0,0,0,0,0
Router 9 ,0,0,0,0,0
Router 10 ,0,0,0,0,0
Router 11 ,0,0,0,0,0
Router 12 ,0,0,0,121,0
Router 13 ,0,0,0,0,0
Router 14 ,0,0,0,0,0
Router 15 ,0,0,0,0,0
Router 16 ,0,0,0,0,0
Router 17 ,0,0,0,127,0
Router 18 ,0,0,0,0,0
Router 19 ,0,0,0,0,0
Router 20 ,0,0,0,0,0
Router 21 ,0,0,0,0,0
Router 22 ,134,0,0,0,0
Router 23 ,0,0,0,0,0
Router 24 ,0,0,0,0,0
Quantum 90,,,,,
Routers , LOCAL , EAST , WEST , NORTH , SOUTH 
Router 0 ,0,14,0,0,0
Router 1 ,0,14,0,0,0
Router 2 ,0,0,0,35,0
Router 3 ,0,0,28,0,0
Router 4 ,0,0,0,0,0
Router 5 ,0,0,0,0,0
Router 6 ,0,0,0,0,0
Router 7 ,0,0,0,34,0
Router 8 ,0,0,0,0,0
Router 9 ,0,0,0,0,0
Router 10 ,0,0,0,0,0
Router 11 ,0,0,0,0,0
Router 12 ,0,0,0,29,0
Router 13 ,0,0,0,0,0
Router 14 ,0,0,0,0,0
Router 15 ,0,0,0,0,0
Router 16 ,0,0,0,0,0
Router 17 ,0,0,0,22,0
Router 18 ,0,0,0,0,0
Router 19 ,0,0,0,0,0
Router 20 ,0,0,0,0,0
Router 21 ,0,0,0,0,0
Router 22 ,16,0,0,0,0
Router 23 ,0,0,0,0,0
Router 24 ,0,0,0,0,0
Quantum 91,,,,,
Routers , LOCAL , EAST , WEST , NORTH , SOUTH 
Router 0 ,0,0,0,0,0
Router 1 ,0,26,0,0,0
Router 2 ,0,0,0,148,0
Router 3 ,0,0,122,0,0
Router 4 ,0,0,7,0,0
Router 5 ,0,0,0,0,0
Router 6 ,0,0,0,0,0
Router 7 ,0,0,0,143,0
Router 8 ,0,0,0,0,0
Router 9 ,0,0,0,0,0
Router 10 ,0,0,0,0,0
Router 11 ,0,0,0,0,0
Router 12 ,0,0,0,141,0
Router 13 ,0,0,0,0,0
Router 14 ,0,0,0,0,0
Router 15 ,0,0,0,0,0
Router 16 ,0,0,0,0,0
Router 17 ,0,0,0,142,0
Router 18 ,0,0,0,0,0
Router 19 ,0,0,0,0,0
Router 20 ,0,0,0,0,0
Router 21 ,0,0,0,0,0
Router 22 ,141,0,0,0,0
Router 23 ,0,0,0,0,0
Router 24 ,0,0,0,0,0
Quantum 92,,,,,
Routers , LOCAL , EAST , WEST , NORTH , SOUTH 
Router 0 ,0,0,0,0,0
Router 1 ,0,4,0,0,0
Router 2 ,0,0,0,4,0
Router 3 ,0,0,0,0,0
Router 4 ,0,0,0,0,0
Router 5 ,0,0,0,0,0
Router 6 ,0,0,0,0,0
Router 7 ,0,0,0,4,0
Router 8 ,0,0,0,0,0
Router 9 ,0,0,0,0,0
Router 10 ,0,0,0,0,0
Router 11 ,0,0,0,0,0
Router 12 ,0,0,0,4,0
Router 13 ,0,0,0,0,0
Router 14 ,0,0,0,0,0
Router 15 ,0,0,0,0,0
Router 16 ,0,0,0,0,0
Router 17 ,0,0,0,4,0
Router 18 ,0,0,0,0,0
Router 19 ,0,0,0,0,0
Router 20 ,0,0,0,0,0
Router 21 ,0,0,0,0,0
Router 22 ,4,0,0,0,0
Router 23 ,0,0,0,0,0
Router 24 ,0,0,0,0,0
Quantum 93,,,,,
Routers , LOCAL , EAST , WEST , NORTH , SOUTH 
Router 0 ,0,7,0,0,0
Router 1 ,0,120,0,0,0
Router 2 ,0,0,0,146,0
Router 3 ,0,0,26,0,0
Router 4 ,0,0,26,0,0
Router 5 ,0,0,0,0,0
Router 6 ,0,0,0,0,0
Router 7 ,0,0,0,146,0
Router 8 ,0,0,0,0,0
Router 9 ,0,0,0,0,0
Router 10 ,0,0,0,0,0
Router 11 ,0,0,0,0,0
Router 12 ,0,0,0,146,0
Router 13 ,0,0,0,0,0
Router 14 ,0,0,0,0,0
Router 15 ,0,0,0,0,0
Router 16 ,0,0,0,0,0
Router 17 ,0,0,0,146,0
Router 18 ,0,0,0,0,0
Router 19 ,0,0,0,0,0
Router 20 ,0,0,0,0,0
Router 21 ,0,0,0,0,0
Router 22 ,146,0,0,0,0
Router 23 ,0,0,0,0,0
Router 24 ,0,0,0,0,0
Quantum 94,,,,,
Routers , LOCAL , EAST , WEST , NORTH , SOUTH 
Router 0 ,0,0,0,0,0
Router 1 ,0,0,0,0,0
Router 2 ,0,0,0,2,0
Router 3 ,0,0,2,0,0
Router 4 ,0,0,2,0,0
Router 5 ,0,0,0,0,0
Router 6 ,0,0,0,0,0
Router 7 ,0,0,0,1,0
Router 8 ,0,0,0,0,0
Router 9 ,0,0,0,0,0
Router 10 ,0,0,0,0,0
Router 11 ,0,0,0,0,0
Router 12 ,0,0,0,2,0
Router 13 ,0,0,0,0,0
Router 14 ,0,0,0,0,0
Router 15 ,0,0,0,0,0
Router 16 ,0,0,0,0,0
Router 17 ,0,0,0,1,0
Router 18 ,0,0,0,0,0
Router 19 ,0,0,0,0,0
Router 20 ,0,0,0,0,0
Router 21 ,0,0,0,0,0
Router 22 ,1,0,0,0,0
Router 23 ,0,0,0,0,0
Router 24 ,0,0,0,0,0
Quantum 95,,,,,
Routers , LOCAL , EAST , WEST , NORTH , SOUTH 
Router 0 ,0,25,0,0,0
Router 1 ,0,26,0,0,0
Router 2 ,0,0,0,148,0
Router 3 ,0,0,115,0,0
Router 4 ,0,0,108,0,0
Router 5 ,0,0,0,0,0
Router 6 ,0,0,0,0,0
Router 7 ,0,0,0,149,0
Router 8 ,0,0,0,0,0
Router 9 ,0,0,0,0,0
Router 10 ,0,0,0,0,0
Router 11 ,0,0,0,0,0
Router 12 ,0,0,0,148,0
Router 13 ,0,0,0,0,0
Router 14 ,0,0,0,0,0
Router 15 ,0,0,0,0,0
Router 16 ,0,0,0,0,0
Router 17 ,0,0,0,149,0
Router 18 ,0,0,0,0,0
Router 19 ,0,0,0,0,0
Router 20 ,0,0,0,0,0
Router 21 ,0,0,0,0,0
Router 22 ,149,0,0,0,0
Router 23 ,0,0,0,0,0
Router 24 ,0,0,0,0,0
Quantum 96,,,,,
Routers , LOCAL , EAST , WEST , NORTH , SOUTH 
Router 0 ,0,0,0,0,0
Router 1 ,0,0,0,0,0
Router 2 ,0,0,0,0,0
Router 3 ,0,0,0,0,0
Router 4 ,0,0,0,0,0
Router 5 ,0,0,0,0,0
Router 6 ,0,0,0,0,0
Router 7 ,0,0,0,0,0
Router 8 ,0,0,0,0,0
Router 9 ,0,0,0,0,0
Router 10 ,0,0,0,0,0
Router 11 ,0,0,0,0,0
Router 12 ,0,0,0,0,0
Router 13 ,0,0,0,0,0
Router 14 ,0,0,0,0,0
Router 15 ,0,0,0,0,0
Router 16 ,0,0,0,0,0
Router 17 ,0,0,0,0,0
Router 18 ,0,0,0,0,0
Router 19 ,0,0,0,0,0
Router 20 ,0,0,0,0,0
Router 21 ,0,0,0,0,0
Router 22 ,0,0,0,0,0
Router 23 ,0,0,0,0,0
Router 24 ,0,0,0,0,0
Quantum 97,,,,,
Routers , LOCAL , EAST , WEST , NORTH , SOUTH 
Router 0 ,0,111,0,0,0
Router 1 ,0,117,0,0,0
Router 2 ,0,0,0,124,0
Router 3 ,0,0,0,0,0
Router 4 ,0,0,0,0,0
Router 5 ,0,0,0,0,0
Router 6 ,0,0,0,0,0
Router 7 ,0,0,0,130,0
Router 8 ,0,0,0,0,0
Router 9 ,0,0,0,0,0
Router 10 ,0,0,0,0,0
Router 11 ,0,0,0,0,0
Router 12 ,0,0,0,137,0
Router 13 ,0,0,0,0,0
Router 14 ,0,0,0,0,0
Router 15 ,0,0,0,0,0
Router 16 ,0,0,0,0,0
Router 17 ,0,0,0,143,0
Router 18 ,0,0,0,0,0
Router 19 ,0,0,0,0,0
Router 20 ,0,0,0,0,0
Router 21 ,0,0,0,0,0
Router 22 ,150,0,0,0,0
Router 23 ,0,0,0,0,0
Router 24 ,0,0,0,0,0
Quantum 98,,,,,
Routers , LOCAL , EAST , WEST , NORTH , SOUTH 
Router 0 ,0,0,0,0,0
Router 1 ,0,0,0,0,0
Router 2 ,0,0,0,0,0
Router 3 ,0,0,0,0,0
Router 4 ,0,0,0,0,0
Router 5 ,0,0,0,0,0
Router 6 ,0,0,0,0,0
Router 7 ,0,0,0,0,0
Router 8 ,0,0,0,0,0
Router 9 ,0,0,0,0,0
Router 10 ,0,0,0,0,0
Router 11 ,0,0,0,0,0
Router 12 ,0,0,0,0,0
Router 13 ,0,0,0,0,0
Router 14 ,0,0,0,0,0
Router 15 ,0,0,0,0,0
Router 16 ,0,0,0,0,0
Router 17 ,0,0,0,0,0
Router 18 ,0,0,0,0,0
Router 19 ,0,0,0,0,0
Router 20 ,0,0,0,0,0
Router 21 ,0,0,0,0,0
Router 22 ,0,0,0,0,0
Router 23 ,0,0,0,0,0
Router 24 ,0,0,0,0,0
,150,143,143,150,0
